"product_name","ingredient","classes","dose","price_krw","price_as_of","source_note"
"가드렛정100mg","Anagliptin","DPP4","0.1g","369","2026-05-01","HIRA reimbursed drug list (effective 2026-05-01), MFDS class 396; supported oral classes only"
"가드메트정100/1000밀리그램","Anagliptin + Metformin HCl","DPP4+MET","0.1g/1g","369","2026-05-01","HIRA reimbursed drug list (effective 2026-05-01), MFDS class 396; supported oral classes only"
"가드메트정100/500밀리그램","Anagliptin + Metformin HCl","DPP4+MET","0.1g/0.5g","369","2026-05-01","HIRA reimbursed drug list (effective 2026-05-01), MFDS class 396; supported oral classes only"
"가드메트정100/850밀리그램","Anagliptin + Metformin HCl","DPP4+MET","0.1g/0.85g","369","2026-05-01","HIRA reimbursed drug list (effective 2026-05-01), MFDS class 396; supported oral classes only"
"가브빌다정50밀리그램","Vildagliptin","DPP4","50mg","204","2026-05-01","HIRA reimbursed drug list (effective 2026-05-01), MFDS class 396; supported oral classes only"
"가브스메트정50/1000밀리그램","Metformin HCl + Vildagliptin","MET+DPP4","1g/50mg","333","2026-05-01","HIRA reimbursed drug list (effective 2026-05-01), MFDS class 396; supported oral classes only"
"가브스메트정50/500밀리그램","Metformin HCl + Vildagliptin","MET+DPP4","0.5g/50mg","310","2026-05-01","HIRA reimbursed drug list (effective 2026-05-01), MFDS class 396; supported oral classes only"
"가브스메트정50/850밀리그램","Metformin HCl + Vildagliptin","MET+DPP4","0.85g/50mg","327","2026-05-01","HIRA reimbursed drug list (effective 2026-05-01), MFDS class 396; supported oral classes only"
"가브스정50밀리그램","Vildagliptin","DPP4","50mg","240","2026-05-01","HIRA reimbursed drug list (effective 2026-05-01), MFDS class 396; supported oral classes only"
"가블리메트정","Metformin HCl + Vildagliptin","MET+DPP4","0.5g/50mg","264","2026-05-01","HIRA reimbursed drug list (effective 2026-05-01), MFDS class 396; supported oral classes only"
"가블리정","Vildagliptin","DPP4","50mg","204","2026-05-01","HIRA reimbursed drug list (effective 2026-05-01), MFDS class 396; supported oral classes only"
"건메피드정2밀리그램","Glimepiride","SU","2mg","157","2026-05-01","HIRA reimbursed drug list (effective 2026-05-01), MFDS class 396; supported oral classes only"
"건메피드정4밀리그램","Glimepiride","SU","4mg","241","2026-05-01","HIRA reimbursed drug list (effective 2026-05-01), MFDS class 396; supported oral classes only"
"건일글리메피리드정2밀리그람","Glimepiride","SU","2mg","185","2026-05-01","HIRA reimbursed drug list (effective 2026-05-01), MFDS class 396; supported oral classes only"
"게리드엠정","Glimepiride + Metformin HCl","SU+MET","2mg/0.5g","167","2026-05-01","HIRA reimbursed drug list (effective 2026-05-01), MFDS class 396; supported oral classes only"
"게리드정2밀리그램","Glimepiride","SU","2mg","157","2026-05-01","HIRA reimbursed drug list (effective 2026-05-01), MFDS class 396; supported oral classes only"
"게리드정4밀리그램","Glimepiride","SU","4mg","259","2026-05-01","HIRA reimbursed drug list (effective 2026-05-01), MFDS class 396; supported oral classes only"
"게리메트정2/500밀리그램","Glimepiride + Metformin HCl","SU+MET","2mg/0.5g","167","2026-05-01","HIRA reimbursed drug list (effective 2026-05-01), MFDS class 396; supported oral classes only"
"구루메포민정500mg","Metformin HCl","MET","0.5g","64","2026-05-01","HIRA reimbursed drug list (effective 2026-05-01), MFDS class 396; supported oral classes only"
"국제피오글리타존정","Pioglitazone","TZD","15mg","551","2026-05-01","HIRA reimbursed drug list (effective 2026-05-01), MFDS class 396; supported oral classes only"
"국제피오글리타존정30밀리그램","Pioglitazone","TZD","30mg","799","2026-05-01","HIRA reimbursed drug list (effective 2026-05-01), MFDS class 396; supported oral classes only"
"그루리스엠정","Glimepiride + Metformin HCl","SU+MET","2mg/0.5g","167","2026-05-01","HIRA reimbursed drug list (effective 2026-05-01), MFDS class 396; supported oral classes only"
"그루리스정2밀리그램","Glimepiride","SU","2mg","185","2026-05-01","HIRA reimbursed drug list (effective 2026-05-01), MFDS class 396; supported oral classes only"
"그루리스정4밀리그램","Glimepiride","SU","4mg","241","2026-05-01","HIRA reimbursed drug list (effective 2026-05-01), MFDS class 396; supported oral classes only"
"그루시가정10/4밀리그램","Dapagliflozin + Glimepiride","SGLT2_DA+SU","10mg/4mg","677","2026-05-01","HIRA reimbursed drug list (effective 2026-05-01), MFDS class 396; supported oral classes only"
"그루타존정15밀리그램","Pioglitazone","TZD","15mg","520","2026-05-01","HIRA reimbursed drug list (effective 2026-05-01), MFDS class 396; supported oral classes only"
"그리마린엠정2/500밀리그램","Glimepiride + Metformin HCl","SU+MET","2mg/0.5g","197","2026-05-01","HIRA reimbursed drug list (effective 2026-05-01), MFDS class 396; supported oral classes only"
"그리마린정","Glimepiride","SU","2mg","185","2026-05-01","HIRA reimbursed drug list (effective 2026-05-01), MFDS class 396; supported oral classes only"
"그리메폴서방정2/500밀리그램","Glimepiride + Metformin HCl","SU+MET","2mg/0.5g","290","2026-05-01","HIRA reimbursed drug list (effective 2026-05-01), MFDS class 396; supported oral classes only"
"그리메피드정1밀리그램","Glimepiride","SU","1mg","99","2026-05-01","HIRA reimbursed drug list (effective 2026-05-01), MFDS class 396; supported oral classes only"
"그리메피드정2밀리그램","Glimepiride","SU","2mg","185","2026-05-01","HIRA reimbursed drug list (effective 2026-05-01), MFDS class 396; supported oral classes only"
"그리메피드정4밀리그램","Glimepiride","SU","4mg","284","2026-05-01","HIRA reimbursed drug list (effective 2026-05-01), MFDS class 396; supported oral classes only"
"그리멜정2mg","Glimepiride","SU","2mg","157","2026-05-01","HIRA reimbursed drug list (effective 2026-05-01), MFDS class 396; supported oral classes only"
"그리자이드정[캄보디아수출명:멜리크론정]","Gliclazide","SU","80mg","82","2026-05-01","HIRA reimbursed drug list (effective 2026-05-01), MFDS class 396; supported oral classes only"
"그리코민서방정500밀리그램","Metformin HCl","MET","0.5g","101","2026-05-01","HIRA reimbursed drug list (effective 2026-05-01), MFDS class 396; supported oral classes only"
"그리코민정","Metformin HCl","MET","0.5g","70","2026-05-01","HIRA reimbursed drug list (effective 2026-05-01), MFDS class 396; supported oral classes only"
"그리타존정15밀리그램","Pioglitazone","TZD","15mg","517","2026-05-01","HIRA reimbursed drug list (effective 2026-05-01), MFDS class 396; supported oral classes only"
"그리피드정","Glimepiride","SU","2mg","157","2026-05-01","HIRA reimbursed drug list (effective 2026-05-01), MFDS class 396; supported oral classes only"
"그리피드정4밀리그램","Glimepiride","SU","4mg","241","2026-05-01","HIRA reimbursed drug list (effective 2026-05-01), MFDS class 396; supported oral classes only"
"그리핀정","Pioglitazone","TZD","15mg","648","2026-05-01","HIRA reimbursed drug list (effective 2026-05-01), MFDS class 396; supported oral classes only"
"그리핀정30밀리그램","Pioglitazone","TZD","30mg","940","2026-05-01","HIRA reimbursed drug list (effective 2026-05-01), MFDS class 396; supported oral classes only"
"그린페지정","Metformin HCl","MET","0.5g","49","2026-05-01","HIRA reimbursed drug list (effective 2026-05-01), MFDS class 396; supported oral classes only"
"글라디엠정1밀리그람","Glimepiride","SU","1mg","120","2026-05-01","HIRA reimbursed drug list (effective 2026-05-01), MFDS class 396; supported oral classes only"
"글라디엠정2밀리그램","Glimepiride","SU","2mg","184","2026-05-01","HIRA reimbursed drug list (effective 2026-05-01), MFDS class 396; supported oral classes only"
"글라디엠정4밀리그람","Glimepiride","SU","4mg","279","2026-05-01","HIRA reimbursed drug list (effective 2026-05-01), MFDS class 396; supported oral classes only"
"글라비스서방정500밀리그람","Metformin HCl","MET","0.5g","72","2026-05-01","HIRA reimbursed drug list (effective 2026-05-01), MFDS class 396; supported oral classes only"
"글라비스정","Metformin HCl","MET","0.5g","70","2026-05-01","HIRA reimbursed drug list (effective 2026-05-01), MFDS class 396; supported oral classes only"
"글라비스정1000밀리그램","Metformin HCl","MET","1g","118","2026-05-01","HIRA reimbursed drug list (effective 2026-05-01), MFDS class 396; supported oral classes only"
"글라포민엠정1/250 밀리그램","Glimepiride + Metformin HCl","SU+MET","1mg/0.25g","132","2026-05-01","HIRA reimbursed drug list (effective 2026-05-01), MFDS class 396; supported oral classes only"
"글라포민엠정1/500밀리그램","Glimepiride + Metformin HCl","SU+MET","1mg/0.5g","168","2026-05-01","HIRA reimbursed drug list (effective 2026-05-01), MFDS class 396; supported oral classes only"
"글라포민엠정2/500밀리그램","Glimepiride + Metformin HCl","SU+MET","2mg/0.5g","197","2026-05-01","HIRA reimbursed drug list (effective 2026-05-01), MFDS class 396; supported oral classes only"
"글레딘엠정2/500밀리그램","Glimepiride + Metformin HCl","SU+MET","2mg/0.5g","197","2026-05-01","HIRA reimbursed drug list (effective 2026-05-01), MFDS class 396; supported oral classes only"
"글레딘정","Glimepiride","SU","2mg","185","2026-05-01","HIRA reimbursed drug list (effective 2026-05-01), MFDS class 396; supported oral classes only"
"글레리드정","Glimepiride","SU","2mg","157","2026-05-01","HIRA reimbursed drug list (effective 2026-05-01), MFDS class 396; supported oral classes only"
"글레린듀오서방정2.5/1000밀리그램","Linagliptin + Metformin HCl","DPP4+MET","2.5mg/1g","387","2026-05-01","HIRA reimbursed drug list (effective 2026-05-01), MFDS class 396; supported oral classes only"
"글레린듀오서방정5/1000밀리그램","Linagliptin + Metformin HCl","DPP4+MET","5mg/1g","521","2026-05-01","HIRA reimbursed drug list (effective 2026-05-01), MFDS class 396; supported oral classes only"
"글레린정5밀리그램","Linagliptin","DPP4","5mg","341","2026-05-01","HIRA reimbursed drug list (effective 2026-05-01), MFDS class 396; supported oral classes only"
"글레아정2/500밀리그램","Glimepiride + Metformin HCl","SU+MET","2mg/0.5g","196","2026-05-01","HIRA reimbursed drug list (effective 2026-05-01), MFDS class 396; supported oral classes only"
"글레존정","Pioglitazone","TZD","15mg","646","2026-05-01","HIRA reimbursed drug list (effective 2026-05-01), MFDS class 396; supported oral classes only"
"글로시타글정100밀리그램","Sitagliptin","DPP4","0.1g","453","2026-05-01","HIRA reimbursed drug list (effective 2026-05-01), MFDS class 396; supported oral classes only"
"글로시타글정25밀리그램","Sitagliptin","DPP4","25mg","200","2026-05-01","HIRA reimbursed drug list (effective 2026-05-01), MFDS class 396; supported oral classes only"
"글로시타글정50밀리그램","Sitagliptin","DPP4","50mg","301","2026-05-01","HIRA reimbursed drug list (effective 2026-05-01), MFDS class 396; supported oral classes only"
"글로시타포민서방정100/1000밀리그램","Metformin HCl + Sitagliptin","MET+DPP4","1g/0.1g","572","2026-05-01","HIRA reimbursed drug list (effective 2026-05-01), MFDS class 396; supported oral classes only"
"글로시타포민서방정50/1000밀리그램","Metformin HCl + Sitagliptin","MET+DPP4","1g/50mg","420","2026-05-01","HIRA reimbursed drug list (effective 2026-05-01), MFDS class 396; supported oral classes only"
"글로시타포민서방정50/500밀리그램","Metformin HCl + Sitagliptin","MET+DPP4","0.5g/50mg","381","2026-05-01","HIRA reimbursed drug list (effective 2026-05-01), MFDS class 396; supported oral classes only"
"글로시타포민정50/1000밀리그램","Metformin HCl + Sitagliptin","MET+DPP4","1g/50mg","377","2026-05-01","HIRA reimbursed drug list (effective 2026-05-01), MFDS class 396; supported oral classes only"
"글로시타포민정50/500밀리그램","Metformin HCl + Sitagliptin","MET+DPP4","0.5g/50mg","371","2026-05-01","HIRA reimbursed drug list (effective 2026-05-01), MFDS class 396; supported oral classes only"
"글로시타포민정50/850밀리그램","Metformin HCl + Sitagliptin","MET+DPP4","0.85g/50mg","371","2026-05-01","HIRA reimbursed drug list (effective 2026-05-01), MFDS class 396; supported oral classes only"
"글로틴듀오정2.5/1000mg","Linagliptin + Metformin HCl","DPP4+MET","2.5mg/1g","292","2026-05-01","HIRA reimbursed drug list (effective 2026-05-01), MFDS class 396; supported oral classes only"
"글로틴듀오정2.5/500mg","Linagliptin + Metformin HCl","DPP4+MET","2.5mg/0.5g","287","2026-05-01","HIRA reimbursed drug list (effective 2026-05-01), MFDS class 396; supported oral classes only"
"글로틴듀오정2.5/850mg","Linagliptin + Metformin HCl","DPP4+MET","2.5mg/0.85g","287","2026-05-01","HIRA reimbursed drug list (effective 2026-05-01), MFDS class 396; supported oral classes only"
"글로틴정5밀리그램","Linagliptin","DPP4","5mg","341","2026-05-01","HIRA reimbursed drug list (effective 2026-05-01), MFDS class 396; supported oral classes only"
"글로포민서방정","Metformin HCl","MET","0.5g","101","2026-05-01","HIRA reimbursed drug list (effective 2026-05-01), MFDS class 396; supported oral classes only"
"글루듀오정10/100밀리그램","Dapagliflozin + Sitagliptin","SGLT2_DA+DPP4","10mg/0.1g","846","2026-05-01","HIRA reimbursed drug list (effective 2026-05-01), MFDS class 396; supported oral classes only"
"글루리아드정500/2.5밀리그람","Glibenclamide + Metformin HCl","SU+MET","2.5mg/0.5g","72","2026-05-01","HIRA reimbursed drug list (effective 2026-05-01), MFDS class 396; supported oral classes only"
"글루리아드정500/5밀리그람","Glibenclamide + Metformin HCl","SU+MET","5mg/0.5g","88","2026-05-01","HIRA reimbursed drug list (effective 2026-05-01), MFDS class 396; supported oral classes only"
"글루립틴듀오엑스알서방정2.5/1000밀리그램","Linagliptin + Metformin HCl","DPP4+MET","2.5mg/1g","387","2026-05-01","HIRA reimbursed drug list (effective 2026-05-01), MFDS class 396; supported oral classes only"
"글루립틴듀오엑스알서방정5/1000밀리그램","Linagliptin + Metformin HCl","DPP4+MET","5mg/1g","521","2026-05-01","HIRA reimbursed drug list (effective 2026-05-01), MFDS class 396; supported oral classes only"
"글루메트정","Metformin HCl","MET","0.5g","70","2026-05-01","HIRA reimbursed drug list (effective 2026-05-01), MFDS class 396; supported oral classes only"
"글루비엠정2/500밀리그램","Glimepiride + Metformin HCl","SU+MET","2mg/0.5g","167","2026-05-01","HIRA reimbursed drug list (effective 2026-05-01), MFDS class 396; supported oral classes only"
"글루세라정500밀리그램","Metformin HCl","MET","0.5g","57","2026-05-01","HIRA reimbursed drug list (effective 2026-05-01), MFDS class 396; supported oral classes only"
"글루스탑정","Pioglitazone","TZD","15mg","539","2026-05-01","HIRA reimbursed drug list (effective 2026-05-01), MFDS class 396; supported oral classes only"
"글루스탑정30밀리그램","Pioglitazone","TZD","30mg","799","2026-05-01","HIRA reimbursed drug list (effective 2026-05-01), MFDS class 396; supported oral classes only"
"글루시타듀오서방정100/1000밀리그램","Metformin HCl + Sitagliptin","MET+DPP4","1g/0.1g","572","2026-05-01","HIRA reimbursed drug list (effective 2026-05-01), MFDS class 396; supported oral classes only"
"글루시타듀오서방정50/1000밀리그램","Metformin HCl + Sitagliptin","MET+DPP4","1g/50mg","420","2026-05-01","HIRA reimbursed drug list (effective 2026-05-01), MFDS class 396; supported oral classes only"
"글루시타듀오서방정50/500밀리그램","Metformin HCl + Sitagliptin","MET+DPP4","0.5g/50mg","381","2026-05-01","HIRA reimbursed drug list (effective 2026-05-01), MFDS class 396; supported oral classes only"
"글루시타듀오정50/1000밀리그램","Metformin HCl + Sitagliptin","MET+DPP4","1g/50mg","377","2026-05-01","HIRA reimbursed drug list (effective 2026-05-01), MFDS class 396; supported oral classes only"
"글루시타듀오정50/500밀리그램","Metformin HCl + Sitagliptin","MET+DPP4","0.5g/50mg","371","2026-05-01","HIRA reimbursed drug list (effective 2026-05-01), MFDS class 396; supported oral classes only"
"글루시타듀오정50/850밀리그램","Metformin HCl + Sitagliptin","MET+DPP4","0.85g/50mg","371","2026-05-01","HIRA reimbursed drug list (effective 2026-05-01), MFDS class 396; supported oral classes only"
"글루시타정100밀리그램","Sitagliptin","DPP4","0.1g","453","2026-05-01","HIRA reimbursed drug list (effective 2026-05-01), MFDS class 396; supported oral classes only"
"글루시타정25밀리그램","Sitagliptin","DPP4","25mg","200","2026-05-01","HIRA reimbursed drug list (effective 2026-05-01), MFDS class 396; supported oral classes only"
"글루시타정50밀리그램","Sitagliptin","DPP4","50mg","301","2026-05-01","HIRA reimbursed drug list (effective 2026-05-01), MFDS class 396; supported oral classes only"
"글루엠서방정","Metformin HCl","MET","0.5g","119","2026-05-01","HIRA reimbursed drug list (effective 2026-05-01), MFDS class 396; supported oral classes only"
"글루코닐정","Metformin HCl","MET","0.5g","67","2026-05-01","HIRA reimbursed drug list (effective 2026-05-01), MFDS class 396; supported oral classes only"
"글루코다운정1000밀리그램","Metformin HCl","MET","1g","118","2026-05-01","HIRA reimbursed drug list (effective 2026-05-01), MFDS class 396; supported oral classes only"
"글루코다운정250밀리그램","Metformin HCl","MET","0.25g","49","2026-05-01","HIRA reimbursed drug list (effective 2026-05-01), MFDS class 396; supported oral classes only"
"글루코다운정500밀리그램","Metformin HCl","MET","0.5g","70","2026-05-01","HIRA reimbursed drug list (effective 2026-05-01), MFDS class 396; supported oral classes only"
"글루코바이정100밀리그람","Acarbose","AGI","0.1g","133","2026-05-01","HIRA reimbursed drug list (effective 2026-05-01), MFDS class 396; supported oral classes only"
"글루코바이정50밀리그람","Acarbose","AGI","50mg","88","2026-05-01","HIRA reimbursed drug list (effective 2026-05-01), MFDS class 396; supported oral classes only"
"글루코반스정500/2.5밀리그램","Glibenclamide + Metformin HCl","SU+MET","2.5mg/0.5g","72","2026-05-01","HIRA reimbursed drug list (effective 2026-05-01), MFDS class 396; supported oral classes only"
"글루코반스정500/5밀리그램","Glibenclamide + Metformin HCl","SU+MET","5mg/0.5g","88","2026-05-01","HIRA reimbursed drug list (effective 2026-05-01), MFDS class 396; supported oral classes only"
"글루코젠정500밀리그램","Metformin HCl","MET","0.5g","70","2026-05-01","HIRA reimbursed drug list (effective 2026-05-01), MFDS class 396; supported oral classes only"
"글루코파지엑스알1000밀리그램서방정","Metformin HCl","MET","1g","222","2026-05-01","HIRA reimbursed drug list (effective 2026-05-01), MFDS class 396; supported oral classes only"
"글루코파지엑스알서방정","Metformin HCl","MET","0.5g","119","2026-05-01","HIRA reimbursed drug list (effective 2026-05-01), MFDS class 396; supported oral classes only"
"글루코파지정1000밀리그램","Metformin HCl","MET","1g","110","2026-05-01","HIRA reimbursed drug list (effective 2026-05-01), MFDS class 396; supported oral classes only"
"글루코파지정250밀리그램","Metformin HCl","MET","0.25g","49","2026-05-01","HIRA reimbursed drug list (effective 2026-05-01), MFDS class 396; supported oral classes only"
"글루코파지정500밀리그램","Metformin HCl","MET","0.5g","70","2026-05-01","HIRA reimbursed drug list (effective 2026-05-01), MFDS class 396; supported oral classes only"
"글루코프리서방정1000밀리그램","Metformin HCl","MET","1g","222","2026-05-01","HIRA reimbursed drug list (effective 2026-05-01), MFDS class 396; supported oral classes only"
"글루코프리서방정500밀리그램","Metformin HCl","MET","0.5g","86","2026-05-01","HIRA reimbursed drug list (effective 2026-05-01), MFDS class 396; supported oral classes only"
"글루코프리서방정750밀리그램","Metformin HCl","MET","0.75g","113","2026-05-01","HIRA reimbursed drug list (effective 2026-05-01), MFDS class 396; supported oral classes only"
"글루타존정","Pioglitazone","TZD","15mg","535","2026-05-01","HIRA reimbursed drug list (effective 2026-05-01), MFDS class 396; supported oral classes only"
"글루테니어정500mg","Metformin HCl","MET","0.5g","70","2026-05-01","HIRA reimbursed drug list (effective 2026-05-01), MFDS class 396; supported oral classes only"
"글루파민서방정500밀리그램","Metformin HCl","MET","0.5g","101","2026-05-01","HIRA reimbursed drug list (effective 2026-05-01), MFDS class 396; supported oral classes only"
"글루파엑스알서방정1000밀리그램","Metformin HCl","MET","1g","222","2026-05-01","HIRA reimbursed drug list (effective 2026-05-01), MFDS class 396; supported oral classes only"
"글루파엑스알서방정500밀리그램","Metformin HCl","MET","0.5g","61","2026-05-01","HIRA reimbursed drug list (effective 2026-05-01), MFDS class 396; supported oral classes only"
"글루파엑스알서방정850밀리그램","Metformin HCl","MET","0.85g","204","2026-05-01","HIRA reimbursed drug list (effective 2026-05-01), MFDS class 396; supported oral classes only"
"글루파정1,000㎎","Metformin HCl","MET","1g","118","2026-05-01","HIRA reimbursed drug list (effective 2026-05-01), MFDS class 396; supported oral classes only"
"글루파정250mg","Metformin HCl","MET","0.25g","49","2026-05-01","HIRA reimbursed drug list (effective 2026-05-01), MFDS class 396; supported oral classes only"
"글루파정500mg","Metformin HCl","MET","0.5g","70","2026-05-01","HIRA reimbursed drug list (effective 2026-05-01), MFDS class 396; supported oral classes only"
"글루파정850mg","Metformin HCl","MET","0.85g","101","2026-05-01","HIRA reimbursed drug list (effective 2026-05-01), MFDS class 396; supported oral classes only"
"글루파콤비정500/80mg","Gliclazide + Metformin HCl","SU+MET","80mg/0.5g","121","2026-05-01","HIRA reimbursed drug list (effective 2026-05-01), MFDS class 396; supported oral classes only"
"글루패스트정10밀리그램","Mitiglinide","MEG","10mg","278","2026-05-01","HIRA reimbursed drug list (effective 2026-05-01), MFDS class 396; supported oral classes only"
"글루펜정2mg","Glimepiride","SU","2mg","185","2026-05-01","HIRA reimbursed drug list (effective 2026-05-01), MFDS class 396; supported oral classes only"
"글루포민서방정500mg","Metformin HCl","MET","0.5g","101","2026-05-01","HIRA reimbursed drug list (effective 2026-05-01), MFDS class 396; supported oral classes only"
"글루폴민정2/500밀리그램","Glimepiride + Metformin HCl","SU+MET","2mg/0.5g","167","2026-05-01","HIRA reimbursed drug list (effective 2026-05-01), MFDS class 396; supported oral classes only"
"글루피드정","Glimepiride","SU","2mg","184","2026-05-01","HIRA reimbursed drug list (effective 2026-05-01), MFDS class 396; supported oral classes only"
"글루피오정15밀리그램","Pioglitazone","TZD","15mg","551","2026-05-01","HIRA reimbursed drug list (effective 2026-05-01), MFDS class 396; supported oral classes only"
"글리다정","Glimepiride","SU","2mg","157","2026-05-01","HIRA reimbursed drug list (effective 2026-05-01), MFDS class 396; supported oral classes only"
"글리디아정15밀리그램","Pioglitazone","TZD","15mg","551","2026-05-01","HIRA reimbursed drug list (effective 2026-05-01), MFDS class 396; supported oral classes only"
"글리렙서방정","Metformin HCl","MET","0.5g","90","2026-05-01","HIRA reimbursed drug list (effective 2026-05-01), MFDS class 396; supported oral classes only"
"글리로우싯정10/100밀리그램","Dapagliflozin + Sitagliptin","SGLT2_DA+DPP4","10mg/0.1g","846","2026-05-01","HIRA reimbursed drug list (effective 2026-05-01), MFDS class 396; supported oral classes only"
"글리마릴엠정2/500밀리그램","Glimepiride + Metformin HCl","SU+MET","2mg/0.5g","197","2026-05-01","HIRA reimbursed drug list (effective 2026-05-01), MFDS class 396; supported oral classes only"
"글리마릴정","Glimepiride","SU","2mg","185","2026-05-01","HIRA reimbursed drug list (effective 2026-05-01), MFDS class 396; supported oral classes only"
"글리매핀엠정2/500밀리그램","Glimepiride + Metformin HCl","SU+MET","2mg/0.5g","158","2026-05-01","HIRA reimbursed drug list (effective 2026-05-01), MFDS class 396; supported oral classes only"
"글리매핀정","Glimepiride","SU","2mg","185","2026-05-01","HIRA reimbursed drug list (effective 2026-05-01), MFDS class 396; supported oral classes only"
"글리맥스정4밀리그램","Glimepiride","SU","4mg","241","2026-05-01","HIRA reimbursed drug list (effective 2026-05-01), MFDS class 396; supported oral classes only"
"글리메드엠정2/500밀리그램","Glimepiride + Metformin HCl","SU+MET","2mg/0.5g","149","2026-05-01","HIRA reimbursed drug list (effective 2026-05-01), MFDS class 396; supported oral classes only"
"글리메드정2밀리그램","Glimepiride","SU","2mg","176","2026-05-01","HIRA reimbursed drug list (effective 2026-05-01), MFDS class 396; supported oral classes only"
"글리메디정","Glimepiride","SU","2mg","157","2026-05-01","HIRA reimbursed drug list (effective 2026-05-01), MFDS class 396; supported oral classes only"
"글리메론정","Glimepiride + Metformin HCl","SU+MET","2mg/0.5g","167","2026-05-01","HIRA reimbursed drug list (effective 2026-05-01), MFDS class 396; supported oral classes only"
"글리메릴엠정","Glimepiride + Metformin HCl","SU+MET","2mg/0.5g","167","2026-05-01","HIRA reimbursed drug list (effective 2026-05-01), MFDS class 396; supported oral classes only"
"글리메릴정","Glimepiride","SU","2mg","185","2026-05-01","HIRA reimbursed drug list (effective 2026-05-01), MFDS class 396; supported oral classes only"
"글리메엠정1/250밀리그램","Glimepiride + Metformin HCl","SU+MET","1mg/0.25g","112","2026-05-01","HIRA reimbursed drug list (effective 2026-05-01), MFDS class 396; supported oral classes only"
"글리메엠정2/500밀리그램","Glimepiride + Metformin HCl","SU+MET","2mg/0.5g","167","2026-05-01","HIRA reimbursed drug list (effective 2026-05-01), MFDS class 396; supported oral classes only"
"글리메윈정","Glimepiride","SU","2mg","157","2026-05-01","HIRA reimbursed drug list (effective 2026-05-01), MFDS class 396; supported oral classes only"
"글리메자큐정50/850밀리그램","Metformin HCl + Sitagliptin","MET+DPP4","0.85g/50mg","371","2026-05-01","HIRA reimbursed drug list (effective 2026-05-01), MFDS class 396; supported oral classes only"
"글리메정","Glimepiride","SU","2mg","185","2026-05-01","HIRA reimbursed drug list (effective 2026-05-01), MFDS class 396; supported oral classes only"
"글리메정4밀리그램","Glimepiride","SU","4mg","284","2026-05-01","HIRA reimbursed drug list (effective 2026-05-01), MFDS class 396; supported oral classes only"
"글리메츠정","Glimepiride","SU","2mg","157","2026-05-01","HIRA reimbursed drug list (effective 2026-05-01), MFDS class 396; supported oral classes only"
"글리메틴정","Glimepiride","SU","2mg","157","2026-05-01","HIRA reimbursed drug list (effective 2026-05-01), MFDS class 396; supported oral classes only"
"글리메프정2밀리그램","Glimepiride","SU","2mg","157","2026-05-01","HIRA reimbursed drug list (effective 2026-05-01), MFDS class 396; supported oral classes only"
"글리메프정4밀리그램","Glimepiride","SU","4mg","241","2026-05-01","HIRA reimbursed drug list (effective 2026-05-01), MFDS class 396; supported oral classes only"
"글리메피드정2mg","Glimepiride","SU","2mg","157","2026-05-01","HIRA reimbursed drug list (effective 2026-05-01), MFDS class 396; supported oral classes only"
"글리메피릴정2mg","Glimepiride","SU","2mg","157","2026-05-01","HIRA reimbursed drug list (effective 2026-05-01), MFDS class 396; supported oral classes only"
"글리메피릴정4밀리그램","Glimepiride","SU","4mg","241","2026-05-01","HIRA reimbursed drug list (effective 2026-05-01), MFDS class 396; supported oral classes only"
"글리메피젠정2밀리그램","Glimepiride","SU","2mg","157","2026-05-01","HIRA reimbursed drug list (effective 2026-05-01), MFDS class 396; supported oral classes only"
"글리메피젠정4밀리그램","Glimepiride","SU","4mg","241","2026-05-01","HIRA reimbursed drug list (effective 2026-05-01), MFDS class 396; supported oral classes only"
"글리멜엠정1/250밀리그램","Glimepiride + Metformin HCl","SU+MET","1mg/0.25g","106","2026-05-01","HIRA reimbursed drug list (effective 2026-05-01), MFDS class 396; supported oral classes only"
"글리멜엠정2/500밀리그램","Glimepiride + Metformin HCl","SU+MET","2mg/0.5g","165","2026-05-01","HIRA reimbursed drug list (effective 2026-05-01), MFDS class 396; supported oral classes only"
"글리멜정1mg","Glimepiride","SU","1mg","105","2026-05-01","HIRA reimbursed drug list (effective 2026-05-01), MFDS class 396; supported oral classes only"
"글리멜정2mg","Glimepiride","SU","2mg","178","2026-05-01","HIRA reimbursed drug list (effective 2026-05-01), MFDS class 396; supported oral classes only"
"글리멜정3mg","Glimepiride","SU","3mg","220","2026-05-01","HIRA reimbursed drug list (effective 2026-05-01), MFDS class 396; supported oral classes only"
"글리멜정4mg","Glimepiride","SU","4mg","274","2026-05-01","HIRA reimbursed drug list (effective 2026-05-01), MFDS class 396; supported oral classes only"
"글리멥정","Glimepiride","SU","2mg","185","2026-05-01","HIRA reimbursed drug list (effective 2026-05-01), MFDS class 396; supported oral classes only"
"글리미드엠정","Glimepiride + Metformin HCl","SU+MET","2mg/0.5g","197","2026-05-01","HIRA reimbursed drug list (effective 2026-05-01), MFDS class 396; supported oral classes only"
"글리미드정2mg","Glimepiride","SU","2mg","185","2026-05-01","HIRA reimbursed drug list (effective 2026-05-01), MFDS class 396; supported oral classes only"
"글리민정","Glimepiride","SU","2mg","185","2026-05-01","HIRA reimbursed drug list (effective 2026-05-01), MFDS class 396; supported oral classes only"
"글리밀엠정2/500mg","Glimepiride + Metformin HCl","SU+MET","2mg/0.5g","167","2026-05-01","HIRA reimbursed drug list (effective 2026-05-01), MFDS class 396; supported oral classes only"
"글리밀정","Glimepiride","SU","2mg","185","2026-05-01","HIRA reimbursed drug list (effective 2026-05-01), MFDS class 396; supported oral classes only"
"글리베타엠정","Glimepiride + Metformin HCl","SU+MET","2mg/0.5g","167","2026-05-01","HIRA reimbursed drug list (effective 2026-05-01), MFDS class 396; supported oral classes only"
"글리베타정2밀리그람","Glimepiride","SU","2mg","157","2026-05-01","HIRA reimbursed drug list (effective 2026-05-01), MFDS class 396; supported oral classes only"
"글리베타정4밀리그램","Glimepiride","SU","4mg","241","2026-05-01","HIRA reimbursed drug list (effective 2026-05-01), MFDS class 396; supported oral classes only"
"글리스타엠정","Glimepiride + Metformin HCl","SU+MET","2mg/0.5g","167","2026-05-01","HIRA reimbursed drug list (effective 2026-05-01), MFDS class 396; supported oral classes only"
"글리시타메트엑스알서방정100/1000밀리그램","Metformin HCl + Sitagliptin","MET+DPP4","1g/0.1g","572","2026-05-01","HIRA reimbursed drug list (effective 2026-05-01), MFDS class 396; supported oral classes only"
"글리시타메트엑스알서방정50/1000밀리그램","Metformin HCl + Sitagliptin","MET+DPP4","1g/50mg","420","2026-05-01","HIRA reimbursed drug list (effective 2026-05-01), MFDS class 396; supported oral classes only"
"글리시타메트엑스알서방정50/500밀리그램","Metformin HCl + Sitagliptin","MET+DPP4","0.5g/50mg","381","2026-05-01","HIRA reimbursed drug list (effective 2026-05-01), MFDS class 396; supported oral classes only"
"글리시타메트정50/1000밀리그램","Metformin HCl + Sitagliptin","MET+DPP4","1g/50mg","377","2026-05-01","HIRA reimbursed drug list (effective 2026-05-01), MFDS class 396; supported oral classes only"
"글리시타메트정50/500밀리그램","Metformin HCl + Sitagliptin","MET+DPP4","0.5g/50mg","371","2026-05-01","HIRA reimbursed drug list (effective 2026-05-01), MFDS class 396; supported oral classes only"
"글리시타메트정50/850밀리그램","Metformin HCl + Sitagliptin","MET+DPP4","0.85g/50mg","371","2026-05-01","HIRA reimbursed drug list (effective 2026-05-01), MFDS class 396; supported oral classes only"
"글리시타정100밀리그램","Sitagliptin","DPP4","0.1g","453","2026-05-01","HIRA reimbursed drug list (effective 2026-05-01), MFDS class 396; supported oral classes only"
"글리시타정25밀리그램","Sitagliptin","DPP4","25mg","200","2026-05-01","HIRA reimbursed drug list (effective 2026-05-01), MFDS class 396; supported oral classes only"
"글리시타정50밀리그램","Sitagliptin","DPP4","50mg","301","2026-05-01","HIRA reimbursed drug list (effective 2026-05-01), MFDS class 396; supported oral classes only"
"글리앙듀오정12.5/1000밀리그램","Empagliflozin + Metformin HCl","SGLT2_EM+MET","12.5mg/1g","429","2026-05-01","HIRA reimbursed drug list (effective 2026-05-01), MFDS class 396; supported oral classes only"
"글리앙듀오정5/1000밀리그램","Empagliflozin + Metformin HCl","SGLT2_EM+MET","5mg/1g","284","2026-05-01","HIRA reimbursed drug list (effective 2026-05-01), MFDS class 396; supported oral classes only"
"글리앙듀오정5/500밀리그램","Empagliflozin + Metformin HCl","SGLT2_EM+MET","5mg/0.5g","278","2026-05-01","HIRA reimbursed drug list (effective 2026-05-01), MFDS class 396; supported oral classes only"
"글리앙정10밀리그램","Empagliflozin","SGLT2_EM","10mg","347","2026-05-01","HIRA reimbursed drug list (effective 2026-05-01), MFDS class 396; supported oral classes only"
"글리앙정25밀리그램","Empagliflozin","SGLT2_EM","25mg","453","2026-05-01","HIRA reimbursed drug list (effective 2026-05-01), MFDS class 396; supported oral classes only"
"글리액트정","Pioglitazone","TZD","15mg","647","2026-05-01","HIRA reimbursed drug list (effective 2026-05-01), MFDS class 396; supported oral classes only"
"글리엠정2/500밀리그램","Glimepiride + Metformin HCl","SU+MET","2mg/0.5g","167","2026-05-01","HIRA reimbursed drug list (effective 2026-05-01), MFDS class 396; supported oral classes only"
"글리원정 4밀리그램","Glimepiride","SU","4mg","273","2026-05-01","HIRA reimbursed drug list (effective 2026-05-01), MFDS class 396; supported oral classes only"
"글리원정2밀리그램","Glimepiride","SU","2mg","175","2026-05-01","HIRA reimbursed drug list (effective 2026-05-01), MFDS class 396; supported oral classes only"
"글리젠타듀오서방정2.5/1000밀리그램","Linagliptin + Metformin HCl","DPP4+MET","2.5mg/1g","387","2026-05-01","HIRA reimbursed drug list (effective 2026-05-01), MFDS class 396; supported oral classes only"
"글리젠타듀오서방정5/1000밀리그램","Linagliptin + Metformin HCl","DPP4+MET","5mg/1g","521","2026-05-01","HIRA reimbursed drug list (effective 2026-05-01), MFDS class 396; supported oral classes only"
"글리젠타정5밀리그램","Linagliptin","DPP4","5mg","341","2026-05-01","HIRA reimbursed drug list (effective 2026-05-01), MFDS class 396; supported oral classes only"
"글리큐정","Glimepiride","SU","2mg","157","2026-05-01","HIRA reimbursed drug list (effective 2026-05-01), MFDS class 396; supported oral classes only"
"글리킴정","Glimepiride","SU","2mg","157","2026-05-01","HIRA reimbursed drug list (effective 2026-05-01), MFDS class 396; supported oral classes only"
"글리타정","Pioglitazone","TZD","15mg","551","2026-05-01","HIRA reimbursed drug list (effective 2026-05-01), MFDS class 396; supported oral classes only"
"글리타존정","Pioglitazone","TZD","15mg","648","2026-05-01","HIRA reimbursed drug list (effective 2026-05-01), MFDS class 396; supported oral classes only"
"글리텍정2밀리그람","Glimepiride","SU","2mg","185","2026-05-01","HIRA reimbursed drug list (effective 2026-05-01), MFDS class 396; supported oral classes only"
"글리파엠정2/500밀리그램","Glimepiride + Metformin HCl","SU+MET","2mg/0.5g","197","2026-05-01","HIRA reimbursed drug list (effective 2026-05-01), MFDS class 396; supported oral classes only"
"글리파정","Glimepiride","SU","2mg","185","2026-05-01","HIRA reimbursed drug list (effective 2026-05-01), MFDS class 396; supported oral classes only"
"글리팜엠정2/500밀리그램","Glimepiride + Metformin HCl","SU+MET","2mg/0.5g","197","2026-05-01","HIRA reimbursed drug list (effective 2026-05-01), MFDS class 396; supported oral classes only"
"글리팜정","Glimepiride","SU","2mg","148","2026-05-01","HIRA reimbursed drug list (effective 2026-05-01), MFDS class 396; supported oral classes only"
"글리팜정4밀리그램","Glimepiride","SU","4mg","227","2026-05-01","HIRA reimbursed drug list (effective 2026-05-01), MFDS class 396; supported oral classes only"
"글리포르민정1/250밀리그램","Glimepiride + Metformin HCl","SU+MET","1mg/0.25g","131","2026-05-01","HIRA reimbursed drug list (effective 2026-05-01), MFDS class 396; supported oral classes only"
"글리포르민정2/500밀리그램","Glimepiride + Metformin HCl","SU+MET","2mg/0.5g","197","2026-05-01","HIRA reimbursed drug list (effective 2026-05-01), MFDS class 396; supported oral classes only"
"글리포엠정","Glimepiride + Metformin HCl","SU+MET","2mg/0.5g","167","2026-05-01","HIRA reimbursed drug list (effective 2026-05-01), MFDS class 396; supported oral classes only"
"글리프릴정","Glimepiride","SU","2mg","157","2026-05-01","HIRA reimbursed drug list (effective 2026-05-01), MFDS class 396; supported oral classes only"
"글리프릴정4mg","Glimepiride","SU","4mg","241","2026-05-01","HIRA reimbursed drug list (effective 2026-05-01), MFDS class 396; supported oral classes only"
"글리플로정10밀리그램","Dapagliflozin","SGLT2_DA","10mg","334","2026-05-01","HIRA reimbursed drug list (effective 2026-05-01), MFDS class 396; supported oral classes only"
"글리피드정2mg","Glimepiride","SU","2mg","179","2026-05-01","HIRA reimbursed drug list (effective 2026-05-01), MFDS class 396; supported oral classes only"
"글리피딘정2mg","Glimepiride","SU","2mg","157","2026-05-01","HIRA reimbursed drug list (effective 2026-05-01), MFDS class 396; supported oral classes only"
"글리피론엠정2/500밀리그램","Glimepiride + Metformin HCl","SU+MET","2mg/0.5g","167","2026-05-01","HIRA reimbursed drug list (effective 2026-05-01), MFDS class 396; supported oral classes only"
"글리피론정2밀리그램","Glimepiride","SU","2mg","157","2026-05-01","HIRA reimbursed drug list (effective 2026-05-01), MFDS class 396; supported oral classes only"
"글리피론정4밀리그램","Glimepiride","SU","4mg","284","2026-05-01","HIRA reimbursed drug list (effective 2026-05-01), MFDS class 396; supported oral classes only"
"글리피린정","Glimepiride","SU","2mg","157","2026-05-01","HIRA reimbursed drug list (effective 2026-05-01), MFDS class 396; supported oral classes only"
"글리피온정","Glimepiride","SU","2mg","157","2026-05-01","HIRA reimbursed drug list (effective 2026-05-01), MFDS class 396; supported oral classes only"
"글리필엠정2/500밀리그램","Glimepiride + Metformin HCl","SU+MET","2mg/0.5g","197","2026-05-01","HIRA reimbursed drug list (effective 2026-05-01), MFDS class 396; supported oral classes only"
"글리필정2밀리그람","Glimepiride","SU","2mg","157","2026-05-01","HIRA reimbursed drug list (effective 2026-05-01), MFDS class 396; supported oral classes only"
"글피드정","Glimepiride","SU","2mg","157","2026-05-01","HIRA reimbursed drug list (effective 2026-05-01), MFDS class 396; supported oral classes only"
"나누당시가정10/100밀리그램","Dapagliflozin + Sitagliptin","SGLT2_DA+DPP4","10mg/0.1g","846","2026-05-01","HIRA reimbursed drug list (effective 2026-05-01), MFDS class 396; supported oral classes only"
"나누메트정50/1000밀리그램","Metformin HCl + Sitagliptin","MET+DPP4","1g/50mg","377","2026-05-01","HIRA reimbursed drug list (effective 2026-05-01), MFDS class 396; supported oral classes only"
"나누메트정50/500밀리그램","Metformin HCl + Sitagliptin","MET+DPP4","0.5g/50mg","371","2026-05-01","HIRA reimbursed drug list (effective 2026-05-01), MFDS class 396; supported oral classes only"
"나누메트정50/850밀리그램","Metformin HCl + Sitagliptin","MET+DPP4","0.85g/50mg","371","2026-05-01","HIRA reimbursed drug list (effective 2026-05-01), MFDS class 396; supported oral classes only"
"나누비아정100밀리그램","Sitagliptin","DPP4","0.1g","453","2026-05-01","HIRA reimbursed drug list (effective 2026-05-01), MFDS class 396; supported oral classes only"
"나누비아정25밀리그램","Sitagliptin","DPP4","25mg","200","2026-05-01","HIRA reimbursed drug list (effective 2026-05-01), MFDS class 396; supported oral classes only"
"나누비아정50밀리그램","Sitagliptin","DPP4","50mg","301","2026-05-01","HIRA reimbursed drug list (effective 2026-05-01), MFDS class 396; supported oral classes only"
"나리젠타듀오서방정 2.5/1000밀리그램","Linagliptin + Metformin HCl","DPP4+MET","2.5mg/1g","387","2026-05-01","HIRA reimbursed drug list (effective 2026-05-01), MFDS class 396; supported oral classes only"
"나리젠타듀오서방정 5/1000밀리그램","Linagliptin + Metformin HCl","DPP4+MET","5mg/1g","521","2026-05-01","HIRA reimbursed drug list (effective 2026-05-01), MFDS class 396; supported oral classes only"
"나리젠타정5밀리그램","Linagliptin","DPP4","5mg","341","2026-05-01","HIRA reimbursed drug list (effective 2026-05-01), MFDS class 396; supported oral classes only"
"네시나메트서방정12.5/1000밀리그램","Alogliptin + Metformin HCl","DPP4+MET","12.5mg/1g","503","2026-05-01","HIRA reimbursed drug list (effective 2026-05-01), MFDS class 396; supported oral classes only"
"네시나메트서방정12.5/500밀리그램","Alogliptin + Metformin HCl","DPP4+MET","12.5mg/0.5g","503","2026-05-01","HIRA reimbursed drug list (effective 2026-05-01), MFDS class 396; supported oral classes only"
"네시나메트서방정25/1000밀리그램","Alogliptin + Metformin HCl","DPP4+MET","25mg/1g","758","2026-05-01","HIRA reimbursed drug list (effective 2026-05-01), MFDS class 396; supported oral classes only"
"네시나메트정12.5/1000밀리그램","Alogliptin + Metformin HCl","DPP4+MET","12.5mg/1g","515","2026-05-01","HIRA reimbursed drug list (effective 2026-05-01), MFDS class 396; supported oral classes only"
"네시나메트정12.5/500밀리그램","Alogliptin + Metformin HCl","DPP4+MET","12.5mg/0.5g","503","2026-05-01","HIRA reimbursed drug list (effective 2026-05-01), MFDS class 396; supported oral classes only"
"네시나메트정12.5/850밀리그램","Alogliptin + Metformin HCl","DPP4+MET","12.5mg/0.85g","503","2026-05-01","HIRA reimbursed drug list (effective 2026-05-01), MFDS class 396; supported oral classes only"
"네시나액트정25/15밀리그램","Alogliptin + Pioglitazone","DPP4+TZD","25mg/15mg","1064","2026-05-01","HIRA reimbursed drug list (effective 2026-05-01), MFDS class 396; supported oral classes only"
"네시나액트정25/30밀리그램","Alogliptin + Pioglitazone","DPP4+TZD","25mg/30mg","1356","2026-05-01","HIRA reimbursed drug list (effective 2026-05-01), MFDS class 396; supported oral classes only"
"네시나정12.5밀리그램","Alogliptin","DPP4","12.5mg","503","2026-05-01","HIRA reimbursed drug list (effective 2026-05-01), MFDS class 396; supported oral classes only"
"네시나정25밀리그램","Alogliptin","DPP4","25mg","758","2026-05-01","HIRA reimbursed drug list (effective 2026-05-01), MFDS class 396; supported oral classes only"
"네오다파정10밀리그램","Dapagliflozin","SGLT2_DA","10mg","334","2026-05-01","HIRA reimbursed drug list (effective 2026-05-01), MFDS class 396; supported oral classes only"
"네오다파정5밀리그램","Dapagliflozin","SGLT2_DA","5mg","262","2026-05-01","HIRA reimbursed drug list (effective 2026-05-01), MFDS class 396; supported oral classes only"
"네오마릴엠정1/250밀리그램","Glimepiride + Metformin HCl","SU+MET","1mg/0.25g","132","2026-05-01","HIRA reimbursed drug list (effective 2026-05-01), MFDS class 396; supported oral classes only"
"네오마릴엠정1/500밀리그램","Glimepiride + Metformin HCl","SU+MET","1mg/0.5g","168","2026-05-01","HIRA reimbursed drug list (effective 2026-05-01), MFDS class 396; supported oral classes only"
"네오마릴엠정2/500밀리그램","Glimepiride + Metformin HCl","SU+MET","2mg/0.5g","197","2026-05-01","HIRA reimbursed drug list (effective 2026-05-01), MFDS class 396; supported oral classes only"
"네오마릴정1밀리그램","Glimepiride","SU","1mg","99","2026-05-01","HIRA reimbursed drug list (effective 2026-05-01), MFDS class 396; supported oral classes only"
"네오마릴정2밀리그램","Glimepiride","SU","2mg","185","2026-05-01","HIRA reimbursed drug list (effective 2026-05-01), MFDS class 396; supported oral classes only"
"네오시타정100밀리그램","Sitagliptin","DPP4","0.1g","453","2026-05-01","HIRA reimbursed drug list (effective 2026-05-01), MFDS class 396; supported oral classes only"
"네오시타정25밀리그램","Sitagliptin","DPP4","25mg","200","2026-05-01","HIRA reimbursed drug list (effective 2026-05-01), MFDS class 396; supported oral classes only"
"네오시타정50밀리그램","Sitagliptin","DPP4","50mg","301","2026-05-01","HIRA reimbursed drug list (effective 2026-05-01), MFDS class 396; supported oral classes only"
"네오엠파정10밀리그램","Empagliflozin","SGLT2_EM","10mg","265","2026-05-01","HIRA reimbursed drug list (effective 2026-05-01), MFDS class 396; supported oral classes only"
"네오엠파정25밀리그램","Empagliflozin","SGLT2_EM","25mg","347","2026-05-01","HIRA reimbursed drug list (effective 2026-05-01), MFDS class 396; supported oral classes only"
"넥스글립틴듀오정50/1000밀리그램","Metformin HCl + Sitagliptin","MET+DPP4","1g/50mg","377","2026-05-01","HIRA reimbursed drug list (effective 2026-05-01), MFDS class 396; supported oral classes only"
"넥스글립틴듀오정50/500밀리그램","Metformin HCl + Sitagliptin","MET+DPP4","0.5g/50mg","371","2026-05-01","HIRA reimbursed drug list (effective 2026-05-01), MFDS class 396; supported oral classes only"
"넥스글립틴듀오정50/850밀리그램","Metformin HCl + Sitagliptin","MET+DPP4","0.85g/50mg","371","2026-05-01","HIRA reimbursed drug list (effective 2026-05-01), MFDS class 396; supported oral classes only"
"넥스글립틴정100밀리그램","Sitagliptin","DPP4","0.1g","453","2026-05-01","HIRA reimbursed drug list (effective 2026-05-01), MFDS class 396; supported oral classes only"
"넥스폴민서방정","Metformin HCl","MET","0.5g","101","2026-05-01","HIRA reimbursed drug list (effective 2026-05-01), MFDS class 396; supported oral classes only"
"노디아렉스정","Gliclazide","SU","80mg","78","2026-05-01","HIRA reimbursed drug list (effective 2026-05-01), MFDS class 396; supported oral classes only"
"노보넘정1.0밀리그람","Repaglinide","MEG","1mg","160","2026-05-01","HIRA reimbursed drug list (effective 2026-05-01), MFDS class 396; supported oral classes only"
"노보넘정2.0밀리그람","Repaglinide","MEG","2mg","227","2026-05-01","HIRA reimbursed drug list (effective 2026-05-01), MFDS class 396; supported oral classes only"
"뉴글리필드정2밀리그램","Glimepiride","SU","2mg","185","2026-05-01","HIRA reimbursed drug list (effective 2026-05-01), MFDS class 396; supported oral classes only"
"뉴글리필드정4밀리그램","Glimepiride","SU","4mg","284","2026-05-01","HIRA reimbursed drug list (effective 2026-05-01), MFDS class 396; supported oral classes only"
"뉴라젠타정","Linagliptin","DPP4","5mg","341","2026-05-01","HIRA reimbursed drug list (effective 2026-05-01), MFDS class 396; supported oral classes only"
"뉴메트서방정500밀리그램","Metformin HCl","MET","0.5g","101","2026-05-01","HIRA reimbursed drug list (effective 2026-05-01), MFDS class 396; supported oral classes only"
"뉴메트정500밀리그램","Metformin HCl","MET","0.5g","70","2026-05-01","HIRA reimbursed drug list (effective 2026-05-01), MFDS class 396; supported oral classes only"
"뉴시가정10밀리그램","Dapagliflozin","SGLT2_DA","10mg","334","2026-05-01","HIRA reimbursed drug list (effective 2026-05-01), MFDS class 396; supported oral classes only"
"뉴시타글로진정10/100밀리그램","Dapagliflozin + Sitagliptin","SGLT2_DA+DPP4","10mg/0.1g","846","2026-05-01","HIRA reimbursed drug list (effective 2026-05-01), MFDS class 396; supported oral classes only"
"뉴젠타씨알정","Linagliptin + Metformin HCl","DPP4+MET","5mg/1g","521","2026-05-01","HIRA reimbursed drug list (effective 2026-05-01), MFDS class 396; supported oral classes only"
"뉴팜다파글리플로진정10밀리그램","Dapagliflozin","SGLT2_DA","10mg","241","2026-05-01","HIRA reimbursed drug list (effective 2026-05-01), MFDS class 396; supported oral classes only"
"뉴피오정","Pioglitazone","TZD","15mg","648","2026-05-01","HIRA reimbursed drug list (effective 2026-05-01), MFDS class 396; supported oral classes only"
"다글로시타정10/100밀리그램","Dapagliflozin + Sitagliptin","SGLT2_DA+DPP4","10mg/0.1g","846","2026-05-01","HIRA reimbursed drug list (effective 2026-05-01), MFDS class 396; supported oral classes only"
"다글로진정10밀리그램","Dapagliflozin","SGLT2_DA","10mg","334","2026-05-01","HIRA reimbursed drug list (effective 2026-05-01), MFDS class 396; supported oral classes only"
"다글로진정5밀리그램","Dapagliflozin","SGLT2_DA","5mg","262","2026-05-01","HIRA reimbursed drug list (effective 2026-05-01), MFDS class 396; supported oral classes only"
"다글리정","Glimepiride","SU","2mg","157","2026-05-01","HIRA reimbursed drug list (effective 2026-05-01), MFDS class 396; supported oral classes only"
"다글립정10/100밀리그램","Dapagliflozin + Sitagliptin","SGLT2_DA+DPP4","10mg/0.1g","846","2026-05-01","HIRA reimbursed drug list (effective 2026-05-01), MFDS class 396; supported oral classes only"
"다나릴정","Glimepiride","SU","2mg","157","2026-05-01","HIRA reimbursed drug list (effective 2026-05-01), MFDS class 396; supported oral classes only"
"다낼리아엠서방정10/500밀리그램","Metformin HCl + Teneligliptin","MET+DPP4","0.5g/10mg","334","2026-05-01","HIRA reimbursed drug list (effective 2026-05-01), MFDS class 396; supported oral classes only"
"다낼리아엠서방정10/750밀리그램","Metformin HCl + Teneligliptin","MET+DPP4","0.75g/10mg","334","2026-05-01","HIRA reimbursed drug list (effective 2026-05-01), MFDS class 396; supported oral classes only"
"다낼리아엠서방정20/1000밀리그램","Metformin HCl + Teneligliptin","MET+DPP4","1g/20mg","665","2026-05-01","HIRA reimbursed drug list (effective 2026-05-01), MFDS class 396; supported oral classes only"
"다낼리아정20밀리그램","Teneligliptin","DPP4","20mg","665","2026-05-01","HIRA reimbursed drug list (effective 2026-05-01), MFDS class 396; supported oral classes only"
"다누메트엑스알서방정100/1000밀리그램","Metformin HCl + Sitagliptin","MET+DPP4","1g/0.1g","572","2026-05-01","HIRA reimbursed drug list (effective 2026-05-01), MFDS class 396; supported oral classes only"
"다누메트엑스알서방정50/1000밀리그램","Metformin HCl + Sitagliptin","MET+DPP4","1g/50mg","420","2026-05-01","HIRA reimbursed drug list (effective 2026-05-01), MFDS class 396; supported oral classes only"
"다누메트엑스알서방정50/500밀리그램","Metformin HCl + Sitagliptin","MET+DPP4","0.5g/50mg","381","2026-05-01","HIRA reimbursed drug list (effective 2026-05-01), MFDS class 396; supported oral classes only"
"다누메트정50/1000밀리그램","Metformin HCl + Sitagliptin","MET+DPP4","1g/50mg","377","2026-05-01","HIRA reimbursed drug list (effective 2026-05-01), MFDS class 396; supported oral classes only"
"다누메트정50/500밀리그램","Metformin HCl + Sitagliptin","MET+DPP4","0.5g/50mg","371","2026-05-01","HIRA reimbursed drug list (effective 2026-05-01), MFDS class 396; supported oral classes only"
"다누메트정50/850밀리그램","Metformin HCl + Sitagliptin","MET+DPP4","0.85g/50mg","371","2026-05-01","HIRA reimbursed drug list (effective 2026-05-01), MFDS class 396; supported oral classes only"
"다누비아정100밀리그램","Sitagliptin","DPP4","0.1g","453","2026-05-01","HIRA reimbursed drug list (effective 2026-05-01), MFDS class 396; supported oral classes only"
"다누비아정25밀리그램","Sitagliptin","DPP4","25mg","200","2026-05-01","HIRA reimbursed drug list (effective 2026-05-01), MFDS class 396; supported oral classes only"
"다누비아정50밀리그램","Sitagliptin","DPP4","50mg","301","2026-05-01","HIRA reimbursed drug list (effective 2026-05-01), MFDS class 396; supported oral classes only"
"다누시가정10/100밀리그램","Dapagliflozin + Sitagliptin","SGLT2_DA+DPP4","10mg/0.1g","846","2026-05-01","HIRA reimbursed drug list (effective 2026-05-01), MFDS class 396; supported oral classes only"
"다메트서방정10/1000밀리그램","Dapagliflozin + Metformin HCl","SGLT2_DA+MET","10mg/1g","512","2026-05-01","HIRA reimbursed drug list (effective 2026-05-01), MFDS class 396; supported oral classes only"
"다시디엠정10/100밀리그램","Dapagliflozin + Sitagliptin","SGLT2_DA+DPP4","10mg/0.1g","846","2026-05-01","HIRA reimbursed drug list (effective 2026-05-01), MFDS class 396; supported oral classes only"
"다야브스메트정50/1000밀리그램","Metformin HCl + Vildagliptin","MET+DPP4","1g/50mg","283","2026-05-01","HIRA reimbursed drug list (effective 2026-05-01), MFDS class 396; supported oral classes only"
"다야브스메트정50/500밀리그램","Metformin HCl + Vildagliptin","MET+DPP4","0.5g/50mg","264","2026-05-01","HIRA reimbursed drug list (effective 2026-05-01), MFDS class 396; supported oral classes only"
"다야브스메트정50/850밀리그램","Metformin HCl + Vildagliptin","MET+DPP4","0.85g/50mg","278","2026-05-01","HIRA reimbursed drug list (effective 2026-05-01), MFDS class 396; supported oral classes only"
"다오닐정","Glibenclamide","SU","5mg","68","2026-05-01","HIRA reimbursed drug list (effective 2026-05-01), MFDS class 396; supported oral classes only"
"다이그린정","Glipizide","SU","5mg","59","2026-05-01","HIRA reimbursed drug list (effective 2026-05-01), MFDS class 396; supported oral classes only"
"다이나브서방정","Metformin HCl","MET","0.5g","101","2026-05-01","HIRA reimbursed drug list (effective 2026-05-01), MFDS class 396; supported oral classes only"
"다이나브정","Metformin HCl","MET","0.5g","70","2026-05-01","HIRA reimbursed drug list (effective 2026-05-01), MFDS class 396; supported oral classes only"
"다이디앙정10밀리그램","Empagliflozin","SGLT2_EM","10mg","265","2026-05-01","HIRA reimbursed drug list (effective 2026-05-01), MFDS class 396; supported oral classes only"
"다이디앙정25밀리그램","Empagliflozin","SGLT2_EM","25mg","347","2026-05-01","HIRA reimbursed drug list (effective 2026-05-01), MFDS class 396; supported oral classes only"
"다이리드엠정2/500밀리그램","Glimepiride + Metformin HCl","SU+MET","2mg/0.5g","167","2026-05-01","HIRA reimbursed drug list (effective 2026-05-01), MFDS class 396; supported oral classes only"
"다이리드정","Glimepiride","SU","2mg","185","2026-05-01","HIRA reimbursed drug list (effective 2026-05-01), MFDS class 396; supported oral classes only"
"다이릴엠정","Glimepiride + Metformin HCl","SU+MET","2mg/0.5g","167","2026-05-01","HIRA reimbursed drug list (effective 2026-05-01), MFDS class 396; supported oral classes only"
"다이릴정","Glimepiride","SU","2mg","176","2026-05-01","HIRA reimbursed drug list (effective 2026-05-01), MFDS class 396; supported oral classes only"
"다이메릴정","Glimepiride","SU","2mg","185","2026-05-01","HIRA reimbursed drug list (effective 2026-05-01), MFDS class 396; supported oral classes only"
"다이미트엑스알서방정","Metformin HCl","MET","0.5g","94","2026-05-01","HIRA reimbursed drug list (effective 2026-05-01), MFDS class 396; supported oral classes only"
"다이미트정","Metformin HCl","MET","0.5g","64","2026-05-01","HIRA reimbursed drug list (effective 2026-05-01), MFDS class 396; supported oral classes only"
"다이보스정","Voglibose","AGI","0.3mg","134","2026-05-01","HIRA reimbursed drug list (effective 2026-05-01), MFDS class 396; supported oral classes only"
"다이비스엑스알정500밀리그램","Metformin HCl","MET","0.5g","101","2026-05-01","HIRA reimbursed drug list (effective 2026-05-01), MFDS class 396; supported oral classes only"
"다이비스정","Metformin HCl","MET","0.5g","70","2026-05-01","HIRA reimbursed drug list (effective 2026-05-01), MFDS class 396; supported oral classes only"
"다이아메트서방정","Metformin HCl","MET","0.5g","101","2026-05-01","HIRA reimbursed drug list (effective 2026-05-01), MFDS class 396; supported oral classes only"
"다이아민정500mg","Metformin HCl","MET","0.5g","60","2026-05-01","HIRA reimbursed drug list (effective 2026-05-01), MFDS class 396; supported oral classes only"
"다이아벡스엑스알서방정1000밀리그램","Metformin HCl","MET","1g","222","2026-05-01","HIRA reimbursed drug list (effective 2026-05-01), MFDS class 396; supported oral classes only"
"다이아벡스엑스알서방정500밀리그램","Metformin HCl","MET","0.5g","119","2026-05-01","HIRA reimbursed drug list (effective 2026-05-01), MFDS class 396; supported oral classes only"
"다이아벡스정1000밀리그램","Metformin HCl","MET","1g","112","2026-05-01","HIRA reimbursed drug list (effective 2026-05-01), MFDS class 396; supported oral classes only"
"다이아벡스정250밀리그램","Metformin HCl","MET","0.25g","49","2026-05-01","HIRA reimbursed drug list (effective 2026-05-01), MFDS class 396; supported oral classes only"
"다이아벡스정500밀리그램","Metformin HCl","MET","0.5g","70","2026-05-01","HIRA reimbursed drug list (effective 2026-05-01), MFDS class 396; supported oral classes only"
"다이아빅서방정","Metformin HCl","MET","0.5g","89","2026-05-01","HIRA reimbursed drug list (effective 2026-05-01), MFDS class 396; supported oral classes only"
"다이아폴민엑스알서방정1000밀리그램","Metformin HCl","MET","1g","222","2026-05-01","HIRA reimbursed drug list (effective 2026-05-01), MFDS class 396; supported oral classes only"
"다이아폴민엑스알서방정500밀리그램","Metformin HCl","MET","0.5g","94","2026-05-01","HIRA reimbursed drug list (effective 2026-05-01), MFDS class 396; supported oral classes only"
"다이아폴민엑스알서방정750밀리그램","Metformin HCl","MET","0.75g","115","2026-05-01","HIRA reimbursed drug list (effective 2026-05-01), MFDS class 396; supported oral classes only"
"다이아폴민정1000밀리그램","Metformin HCl","MET","1g","112","2026-05-01","HIRA reimbursed drug list (effective 2026-05-01), MFDS class 396; supported oral classes only"
"다이아폴민정250밀리그램","Metformin HCl","MET","0.25g","45","2026-05-01","HIRA reimbursed drug list (effective 2026-05-01), MFDS class 396; supported oral classes only"
"다이아폴민정500밀리그램","Metformin HCl","MET","0.5g","70","2026-05-01","HIRA reimbursed drug list (effective 2026-05-01), MFDS class 396; supported oral classes only"
"다이포민정500밀리그램","Metformin HCl","MET","0.5g","70","2026-05-01","HIRA reimbursed drug list (effective 2026-05-01), MFDS class 396; supported oral classes only"
"다이피릴정2밀리그램","Glimepiride","SU","2mg","183","2026-05-01","HIRA reimbursed drug list (effective 2026-05-01), MFDS class 396; supported oral classes only"
"다이피릴정4밀리그램","Glimepiride","SU","4mg","241","2026-05-01","HIRA reimbursed drug list (effective 2026-05-01), MFDS class 396; supported oral classes only"
"다콤시타정10/100밀리그램","Dapagliflozin + Sitagliptin","SGLT2_DA+DPP4","10mg/0.1g","846","2026-05-01","HIRA reimbursed drug list (effective 2026-05-01), MFDS class 396; supported oral classes only"
"다파그린에스정10/100밀리그램","Dapagliflozin + Sitagliptin","SGLT2_DA+DPP4","10mg/0.1g","846","2026-05-01","HIRA reimbursed drug list (effective 2026-05-01), MFDS class 396; supported oral classes only"
"다파그린정10밀리그램","Dapagliflozin","SGLT2_DA","10mg","393","2026-05-01","HIRA reimbursed drug list (effective 2026-05-01), MFDS class 396; supported oral classes only"
"다파그린정5밀리그램","Dapagliflozin","SGLT2_DA","5mg","262","2026-05-01","HIRA reimbursed drug list (effective 2026-05-01), MFDS class 396; supported oral classes only"
"다파그린지정10/4밀리그램","Dapagliflozin + Glimepiride","SGLT2_DA+SU","10mg/4mg","677","2026-05-01","HIRA reimbursed drug list (effective 2026-05-01), MFDS class 396; supported oral classes only"
"다파글루엠서방정10/1000밀리그램","Dapagliflozin + Metformin HCl","SGLT2_DA+MET","10mg/1g","435","2026-05-01","HIRA reimbursed drug list (effective 2026-05-01), MFDS class 396; supported oral classes only"
"다파글루엠서방정10/500밀리그램","Dapagliflozin + Metformin HCl","SGLT2_DA+MET","10mg/0.5g","402","2026-05-01","HIRA reimbursed drug list (effective 2026-05-01), MFDS class 396; supported oral classes only"
"다파글루정10밀리그램","Dapagliflozin","SGLT2_DA","10mg","393","2026-05-01","HIRA reimbursed drug list (effective 2026-05-01), MFDS class 396; supported oral classes only"
"다파글리엠정10밀리그램","Dapagliflozin","SGLT2_DA","10mg","393","2026-05-01","HIRA reimbursed drug list (effective 2026-05-01), MFDS class 396; supported oral classes only"
"다파글리엠정5밀리그램","Dapagliflozin","SGLT2_DA","5mg","262","2026-05-01","HIRA reimbursed drug list (effective 2026-05-01), MFDS class 396; supported oral classes only"
"다파글립틴정10/100밀리그램","Dapagliflozin + Sitagliptin","SGLT2_DA+DPP4","10mg/0.1g","846","2026-05-01","HIRA reimbursed drug list (effective 2026-05-01), MFDS class 396; supported oral classes only"
"다파글시타정10/100밀리그램","Dapagliflozin + Sitagliptin","SGLT2_DA+DPP4","10mg/0.1g","846","2026-05-01","HIRA reimbursed drug list (effective 2026-05-01), MFDS class 396; supported oral classes only"
"다파글엠서방정10/1000밀리그램","Dapagliflozin + Metformin HCl","SGLT2_DA+MET","10mg/1g","512","2026-05-01","HIRA reimbursed drug list (effective 2026-05-01), MFDS class 396; supported oral classes only"
"다파글엠서방정10/500밀리그램","Dapagliflozin + Metformin HCl","SGLT2_DA+MET","10mg/0.5g","473","2026-05-01","HIRA reimbursed drug list (effective 2026-05-01), MFDS class 396; supported oral classes only"
"다파글정10밀리그램","Dapagliflozin","SGLT2_DA","10mg","393","2026-05-01","HIRA reimbursed drug list (effective 2026-05-01), MFDS class 396; supported oral classes only"
"다파듀오정10/100밀리그램","Dapagliflozin + Sitagliptin","SGLT2_DA+DPP4","10mg/0.1g","846","2026-05-01","HIRA reimbursed drug list (effective 2026-05-01), MFDS class 396; supported oral classes only"
"다파로에스정10/100밀리그램","Dapagliflozin + Sitagliptin","SGLT2_DA+DPP4","10mg/0.1g","846","2026-05-01","HIRA reimbursed drug list (effective 2026-05-01), MFDS class 396; supported oral classes only"
"다파로엘정10/5밀리그램","Dapagliflozin + Linagliptin","SGLT2_DA+DPP4","10mg/5mg","795","2026-05-01","HIRA reimbursed drug list (effective 2026-05-01), MFDS class 396; supported oral classes only"
"다파로엠서방정10/1000밀리그램","Dapagliflozin + Metformin HCl","SGLT2_DA+MET","10mg/1g","435","2026-05-01","HIRA reimbursed drug list (effective 2026-05-01), MFDS class 396; supported oral classes only"
"다파로엠서방정10/500밀리그램","Dapagliflozin + Metformin HCl","SGLT2_DA+MET","10mg/0.5g","402","2026-05-01","HIRA reimbursed drug list (effective 2026-05-01), MFDS class 396; supported oral classes only"
"다파로정10밀리그램","Dapagliflozin","SGLT2_DA","10mg","334","2026-05-01","HIRA reimbursed drug list (effective 2026-05-01), MFDS class 396; supported oral classes only"
"다파로정5밀리그램","Dapagliflozin","SGLT2_DA","5mg","262","2026-05-01","HIRA reimbursed drug list (effective 2026-05-01), MFDS class 396; supported oral classes only"
"다파로진듀오서방정10/1000밀리그램","Dapagliflozin + Metformin HCl","SGLT2_DA+MET","10mg/1g","435","2026-05-01","HIRA reimbursed drug list (effective 2026-05-01), MFDS class 396; supported oral classes only"
"다파로진정10밀리그램","Dapagliflozin","SGLT2_DA","10mg","393","2026-05-01","HIRA reimbursed drug list (effective 2026-05-01), MFDS class 396; supported oral classes only"
"다파론듀오서방정10/1000밀리그램","Dapagliflozin + Metformin HCl","SGLT2_DA+MET","10mg/1g","512","2026-05-01","HIRA reimbursed drug list (effective 2026-05-01), MFDS class 396; supported oral classes only"
"다파론듀오서방정10/500밀리그램","Dapagliflozin + Metformin HCl","SGLT2_DA+MET","10mg/0.5g","473","2026-05-01","HIRA reimbursed drug list (effective 2026-05-01), MFDS class 396; supported oral classes only"
"다파론듀오서방정5/1000밀리그램","Dapagliflozin + Metformin HCl","SGLT2_DA+MET","5mg/1g","381","2026-05-01","HIRA reimbursed drug list (effective 2026-05-01), MFDS class 396; supported oral classes only"
"다파론듀오서방정5/500밀리그램","Dapagliflozin + Metformin HCl","SGLT2_DA+MET","5mg/0.5g","342","2026-05-01","HIRA reimbursed drug list (effective 2026-05-01), MFDS class 396; supported oral classes only"
"다파론정10밀리그램","Dapagliflozin","SGLT2_DA","10mg","393","2026-05-01","HIRA reimbursed drug list (effective 2026-05-01), MFDS class 396; supported oral classes only"
"다파론정5밀리그램","Dapagliflozin","SGLT2_DA","5mg","262","2026-05-01","HIRA reimbursed drug list (effective 2026-05-01), MFDS class 396; supported oral classes only"
"다파루틴듀오서방정10/1000밀리그램","Dapagliflozin + Metformin HCl","SGLT2_DA+MET","10mg/1g","435","2026-05-01","HIRA reimbursed drug list (effective 2026-05-01), MFDS class 396; supported oral classes only"
"다파루틴스타정10/100밀리그램","Dapagliflozin + Sitagliptin","SGLT2_DA+DPP4","10mg/0.1g","846","2026-05-01","HIRA reimbursed drug list (effective 2026-05-01), MFDS class 396; supported oral classes only"
"다파루틴정10밀리그램","Dapagliflozin","SGLT2_DA","10mg","334","2026-05-01","HIRA reimbursed drug list (effective 2026-05-01), MFDS class 396; supported oral classes only"
"다파리나정","Dapagliflozin + Linagliptin","SGLT2_DA+DPP4","10mg/5mg","795","2026-05-01","HIRA reimbursed drug list (effective 2026-05-01), MFDS class 396; supported oral classes only"
"다파리진정10밀리그램","Dapagliflozin","SGLT2_DA","10mg","393","2026-05-01","HIRA reimbursed drug list (effective 2026-05-01), MFDS class 396; supported oral classes only"
"다파릴듀오서방정10/1000밀리그램","Dapagliflozin + Metformin HCl","SGLT2_DA+MET","10mg/1g","512","2026-05-01","HIRA reimbursed drug list (effective 2026-05-01), MFDS class 396; supported oral classes only"
"다파릴듀오서방정10/500밀리그램","Dapagliflozin + Metformin HCl","SGLT2_DA+MET","10mg/0.5g","473","2026-05-01","HIRA reimbursed drug list (effective 2026-05-01), MFDS class 396; supported oral classes only"
"다파릴시타정10/100밀리그램","Dapagliflozin + Sitagliptin","SGLT2_DA+DPP4","10mg/0.1g","846","2026-05-01","HIRA reimbursed drug list (effective 2026-05-01), MFDS class 396; supported oral classes only"
"다파릴정10밀리그램","Dapagliflozin","SGLT2_DA","10mg","393","2026-05-01","HIRA reimbursed drug list (effective 2026-05-01), MFDS class 396; supported oral classes only"
"다파릴정5밀리그램","Dapagliflozin","SGLT2_DA","5mg","262","2026-05-01","HIRA reimbursed drug list (effective 2026-05-01), MFDS class 396; supported oral classes only"
"다파메트서방정10/1000밀리그램","Dapagliflozin + Metformin HCl","SGLT2_DA+MET","10mg/1g","512","2026-05-01","HIRA reimbursed drug list (effective 2026-05-01), MFDS class 396; supported oral classes only"
"다파메트서방정10/500밀리그램","Dapagliflozin + Metformin HCl","SGLT2_DA+MET","10mg/0.5g","473","2026-05-01","HIRA reimbursed drug list (effective 2026-05-01), MFDS class 396; supported oral classes only"
"다파메피정10/4밀리그램","Dapagliflozin + Glimepiride","SGLT2_DA+SU","10mg/4mg","677","2026-05-01","HIRA reimbursed drug list (effective 2026-05-01), MFDS class 396; supported oral classes only"
"다파비아정10/100밀리그램","Dapagliflozin + Sitagliptin","SGLT2_DA+DPP4","10mg/0.1g","846","2026-05-01","HIRA reimbursed drug list (effective 2026-05-01), MFDS class 396; supported oral classes only"
"다파스타정10/100밀리그램","Dapagliflozin + Sitagliptin","SGLT2_DA+DPP4","10mg/0.1g","846","2026-05-01","HIRA reimbursed drug list (effective 2026-05-01), MFDS class 396; supported oral classes only"
"다파슬린정10밀리그램","Dapagliflozin","SGLT2_DA","10mg","334","2026-05-01","HIRA reimbursed drug list (effective 2026-05-01), MFDS class 396; supported oral classes only"
"다파시정10/100밀리그램","Dapagliflozin + Sitagliptin","SGLT2_DA+DPP4","10mg/0.1g","846","2026-05-01","HIRA reimbursed drug list (effective 2026-05-01), MFDS class 396; supported oral classes only"
"다파시타엠서방정10/100/1000밀리그램","Dapagliflozin + Metformin HCl + Sitagliptin","SGLT2_DA+MET+DPP4","10mg/1g/0.1g","965","2026-05-01","HIRA reimbursed drug list (effective 2026-05-01), MFDS class 396; supported oral classes only"
"다파시타엠서방정5/50/1000밀리그램","Dapagliflozin + Metformin HCl + Sitagliptin","SGLT2_DA+MET+DPP4","5mg/1g/50mg","682","2026-05-01","HIRA reimbursed drug list (effective 2026-05-01), MFDS class 396; supported oral classes only"
"다파시타엠서방정5/50/500밀리그램","Dapagliflozin + Metformin HCl + Sitagliptin","SGLT2_DA+MET+DPP4","5mg/0.5g/50mg","633","2026-05-01","HIRA reimbursed drug list (effective 2026-05-01), MFDS class 396; supported oral classes only"
"다파시타엠서방정5/50/750밀리그램","Dapagliflozin + Metformin HCl + Sitagliptin","SGLT2_DA+MET+DPP4","5mg/0.75g/50mg","633","2026-05-01","HIRA reimbursed drug list (effective 2026-05-01), MFDS class 396; supported oral classes only"
"다파시타정10/100밀리그램","Dapagliflozin + Sitagliptin","SGLT2_DA+DPP4","10mg/0.1g","846","2026-05-01","HIRA reimbursed drug list (effective 2026-05-01), MFDS class 396; supported oral classes only"
"다파시틴정10/100밀리그램","Dapagliflozin + Sitagliptin","SGLT2_DA+DPP4","10mg/0.1g","846","2026-05-01","HIRA reimbursed drug list (effective 2026-05-01), MFDS class 396; supported oral classes only"
"다파싱글정10밀리그램","Dapagliflozin","SGLT2_DA","10mg","334","2026-05-01","HIRA reimbursed drug list (effective 2026-05-01), MFDS class 396; supported oral classes only"
"다파씨글로정10/100밀리그램","Dapagliflozin + Sitagliptin","SGLT2_DA+DPP4","10mg/0.1g","846","2026-05-01","HIRA reimbursed drug list (effective 2026-05-01), MFDS class 396; supported oral classes only"
"다파엔듀오서방정10/1000밀리그램","Dapagliflozin + Metformin HCl","SGLT2_DA+MET","10mg/1g","509","2026-05-01","HIRA reimbursed drug list (effective 2026-05-01), MFDS class 396; supported oral classes only"
"다파엔듀오서방정10/500밀리그램","Dapagliflozin + Metformin HCl","SGLT2_DA+MET","10mg/0.5g","465","2026-05-01","HIRA reimbursed drug list (effective 2026-05-01), MFDS class 396; supported oral classes only"
"다파엔듀오서방정5/1000밀리그램","Dapagliflozin + Metformin HCl","SGLT2_DA+MET","5mg/1g","379","2026-05-01","HIRA reimbursed drug list (effective 2026-05-01), MFDS class 396; supported oral classes only"
"다파엔메트서방정10/1000밀리그램","Dapagliflozin + Metformin HCl","SGLT2_DA+MET","10mg/1g","509","2026-05-01","HIRA reimbursed drug list (effective 2026-05-01), MFDS class 396; supported oral classes only"
"다파엔메트서방정10/500밀리그램","Dapagliflozin + Metformin HCl","SGLT2_DA+MET","10mg/0.5g","465","2026-05-01","HIRA reimbursed drug list (effective 2026-05-01), MFDS class 396; supported oral classes only"
"다파엔시타정10/100밀리그램","Dapagliflozin + Sitagliptin","SGLT2_DA+DPP4","10mg/0.1g","846","2026-05-01","HIRA reimbursed drug list (effective 2026-05-01), MFDS class 396; supported oral classes only"
"다파엔정10밀리그램","Dapagliflozin","SGLT2_DA","10mg","393","2026-05-01","HIRA reimbursed drug list (effective 2026-05-01), MFDS class 396; supported oral classes only"
"다파엔젠타정10/5밀리그램","Dapagliflozin + Linagliptin","SGLT2_DA+DPP4","10mg/5mg","795","2026-05-01","HIRA reimbursed drug list (effective 2026-05-01), MFDS class 396; supported oral classes only"
"다파엘듀오서방정10/1000밀리그램","Dapagliflozin + Metformin HCl","SGLT2_DA+MET","10mg/1g","512","2026-05-01","HIRA reimbursed drug list (effective 2026-05-01), MFDS class 396; supported oral classes only"
"다파엘듀오서방정10/500밀리그램","Dapagliflozin + Metformin HCl","SGLT2_DA+MET","10mg/0.5g","473","2026-05-01","HIRA reimbursed drug list (effective 2026-05-01), MFDS class 396; supported oral classes only"
"다파엠듀오서방정10/500밀리그램","Dapagliflozin + Metformin HCl","SGLT2_DA+MET","10mg/0.5g","473","2026-05-01","HIRA reimbursed drug list (effective 2026-05-01), MFDS class 396; supported oral classes only"
"다파엠듀오서방정5/500밀리그램","Dapagliflozin + Metformin HCl","SGLT2_DA+MET","5mg/0.5g","342","2026-05-01","HIRA reimbursed drug list (effective 2026-05-01), MFDS class 396; supported oral classes only"
"다파엠서방정10/1000밀리그램","Dapagliflozin + Metformin HCl","SGLT2_DA+MET","10mg/1g","512","2026-05-01","HIRA reimbursed drug list (effective 2026-05-01), MFDS class 396; supported oral classes only"
"다파엠서방정5/1000밀리그램","Dapagliflozin + Metformin HCl","SGLT2_DA+MET","5mg/1g","324","2026-05-01","HIRA reimbursed drug list (effective 2026-05-01), MFDS class 396; supported oral classes only"
"다파원엠서방정10/1000밀리그램","Dapagliflozin + Metformin HCl","SGLT2_DA+MET","10mg/1g","512","2026-05-01","HIRA reimbursed drug list (effective 2026-05-01), MFDS class 396; supported oral classes only"
"다파원엠서방정10/500밀리그램","Dapagliflozin + Metformin HCl","SGLT2_DA+MET","10mg/0.5g","473","2026-05-01","HIRA reimbursed drug list (effective 2026-05-01), MFDS class 396; supported oral classes only"
"다파원엠서방정5/1000밀리그램","Dapagliflozin + Metformin HCl","SGLT2_DA+MET","5mg/1g","381","2026-05-01","HIRA reimbursed drug list (effective 2026-05-01), MFDS class 396; supported oral classes only"
"다파원엠서방정5/500밀리그램","Dapagliflozin + Metformin HCl","SGLT2_DA+MET","5mg/0.5g","342","2026-05-01","HIRA reimbursed drug list (effective 2026-05-01), MFDS class 396; supported oral classes only"
"다파원정10mg","Dapagliflozin","SGLT2_DA","10mg","514","2026-05-01","HIRA reimbursed drug list (effective 2026-05-01), MFDS class 396; supported oral classes only"
"다파원정5mg","Dapagliflozin","SGLT2_DA","5mg","342","2026-05-01","HIRA reimbursed drug list (effective 2026-05-01), MFDS class 396; supported oral classes only"
"다파유정","Dapagliflozin","SGLT2_DA","10mg","393","2026-05-01","HIRA reimbursed drug list (effective 2026-05-01), MFDS class 396; supported oral classes only"
"다파이제서방정10/1000밀리그램","Dapagliflozin + Metformin HCl","SGLT2_DA+MET","10mg/1g","512","2026-05-01","HIRA reimbursed drug list (effective 2026-05-01), MFDS class 396; supported oral classes only"
"다파이제서방정10/500밀리그램","Dapagliflozin + Metformin HCl","SGLT2_DA+MET","10mg/0.5g","473","2026-05-01","HIRA reimbursed drug list (effective 2026-05-01), MFDS class 396; supported oral classes only"
"다파자누정10/100밀리그램","Dapagliflozin + Sitagliptin","SGLT2_DA+DPP4","10mg/0.1g","846","2026-05-01","HIRA reimbursed drug list (effective 2026-05-01), MFDS class 396; supported oral classes only"
"다파진에스듀오정10/100밀리그램","Dapagliflozin + Sitagliptin","SGLT2_DA+DPP4","10mg/0.1g","846","2026-05-01","HIRA reimbursed drug list (effective 2026-05-01), MFDS class 396; supported oral classes only"
"다파진에스엠서방정10/100/1000밀리그램","Dapagliflozin + Metformin HCl + Sitagliptin","SGLT2_DA+MET+DPP4","10mg/1g/0.1g","965","2026-05-01","HIRA reimbursed drug list (effective 2026-05-01), MFDS class 396; supported oral classes only"
"다파진에스엠서방정5/50/1000밀리그램","Dapagliflozin + Metformin HCl + Sitagliptin","SGLT2_DA+MET+DPP4","5mg/1g/50mg","682","2026-05-01","HIRA reimbursed drug list (effective 2026-05-01), MFDS class 396; supported oral classes only"
"다파진정10밀리그램","Dapagliflozin","SGLT2_DA","10mg","393","2026-05-01","HIRA reimbursed drug list (effective 2026-05-01), MFDS class 396; supported oral classes only"
"다파진정5밀리그램","Dapagliflozin","SGLT2_DA","5mg","262","2026-05-01","HIRA reimbursed drug list (effective 2026-05-01), MFDS class 396; supported oral classes only"
"다파칸메트서방정10/1000밀리그램","Dapagliflozin + Metformin HCl","SGLT2_DA+MET","10mg/1g","512","2026-05-01","HIRA reimbursed drug list (effective 2026-05-01), MFDS class 396; supported oral classes only"
"다파칸메트서방정10/500밀리그램","Dapagliflozin + Metformin HCl","SGLT2_DA+MET","10mg/0.5g","473","2026-05-01","HIRA reimbursed drug list (effective 2026-05-01), MFDS class 396; supported oral classes only"
"다파칸정10밀리그램","Dapagliflozin","SGLT2_DA","10mg","393","2026-05-01","HIRA reimbursed drug list (effective 2026-05-01), MFDS class 396; supported oral classes only"
"다파킴정10밀리그램","Dapagliflozin","SGLT2_DA","10mg","334","2026-05-01","HIRA reimbursed drug list (effective 2026-05-01), MFDS class 396; supported oral classes only"
"다파포민서방정10/1000밀리그램","Dapagliflozin + Metformin HCl","SGLT2_DA+MET","10mg/1g","512","2026-05-01","HIRA reimbursed drug list (effective 2026-05-01), MFDS class 396; supported oral classes only"
"다파포민서방정10/500밀리그램","Dapagliflozin + Metformin HCl","SGLT2_DA+MET","10mg/0.5g","473","2026-05-01","HIRA reimbursed drug list (effective 2026-05-01), MFDS class 396; supported oral classes only"
"다파프로메트서방정10/1000밀리그램","Dapagliflozin + Metformin HCl","SGLT2_DA+MET","10mg/1g","512","2026-05-01","HIRA reimbursed drug list (effective 2026-05-01), MFDS class 396; supported oral classes only"
"다파프로메트서방정10/500밀리그램","Dapagliflozin + Metformin HCl","SGLT2_DA+MET","10mg/0.5g","473","2026-05-01","HIRA reimbursed drug list (effective 2026-05-01), MFDS class 396; supported oral classes only"
"다파프로메트서방정5/1000밀리그램","Dapagliflozin + Metformin HCl","SGLT2_DA+MET","5mg/1g","381","2026-05-01","HIRA reimbursed drug list (effective 2026-05-01), MFDS class 396; supported oral classes only"
"다파프로메트서방정5/500밀리그램","Dapagliflozin + Metformin HCl","SGLT2_DA+MET","5mg/0.5g","342","2026-05-01","HIRA reimbursed drug list (effective 2026-05-01), MFDS class 396; supported oral classes only"
"다파프로정10밀리그램","Dapagliflozin","SGLT2_DA","10mg","514","2026-05-01","HIRA reimbursed drug list (effective 2026-05-01), MFDS class 396; supported oral classes only"
"다파프로정5밀리그램","Dapagliflozin","SGLT2_DA","5mg","342","2026-05-01","HIRA reimbursed drug list (effective 2026-05-01), MFDS class 396; supported oral classes only"
"다파프로진메트서방정10/1000밀리그램","Dapagliflozin + Metformin HCl","SGLT2_DA+MET","10mg/1g","512","2026-05-01","HIRA reimbursed drug list (effective 2026-05-01), MFDS class 396; supported oral classes only"
"다파프로진메트서방정10/500밀리그램","Dapagliflozin + Metformin HCl","SGLT2_DA+MET","10mg/0.5g","473","2026-05-01","HIRA reimbursed drug list (effective 2026-05-01), MFDS class 396; supported oral classes only"
"다파프로진메트서방정5/1000밀리그램","Dapagliflozin + Metformin HCl","SGLT2_DA+MET","5mg/1g","381","2026-05-01","HIRA reimbursed drug list (effective 2026-05-01), MFDS class 396; supported oral classes only"
"다파프로진메트서방정5/500밀리그램","Dapagliflozin + Metformin HCl","SGLT2_DA+MET","5mg/0.5g","342","2026-05-01","HIRA reimbursed drug list (effective 2026-05-01), MFDS class 396; supported oral classes only"
"다파프로진정10밀리그램","Dapagliflozin","SGLT2_DA","10mg","393","2026-05-01","HIRA reimbursed drug list (effective 2026-05-01), MFDS class 396; supported oral classes only"
"다파프로진정5밀리그램","Dapagliflozin","SGLT2_DA","5mg","262","2026-05-01","HIRA reimbursed drug list (effective 2026-05-01), MFDS class 396; supported oral classes only"
"다파플러스서방정10/1000밀리그램","Dapagliflozin + Metformin HCl","SGLT2_DA+MET","10mg/1g","435","2026-05-01","HIRA reimbursed drug list (effective 2026-05-01), MFDS class 396; supported oral classes only"
"다파플러스서방정10/500밀리그램","Dapagliflozin + Metformin HCl","SGLT2_DA+MET","10mg/0.5g","402","2026-05-01","HIRA reimbursed drug list (effective 2026-05-01), MFDS class 396; supported oral classes only"
"다파하나정10밀리그램","Dapagliflozin","SGLT2_DA","10mg","334","2026-05-01","HIRA reimbursed drug list (effective 2026-05-01), MFDS class 396; supported oral classes only"
"다파하나정5밀리그램","Dapagliflozin","SGLT2_DA","5mg","262","2026-05-01","HIRA reimbursed drug list (effective 2026-05-01), MFDS class 396; supported oral classes only"
"다포가듀오서방정10/1000밀리그램","Dapagliflozin + Metformin HCl","SGLT2_DA+MET","10mg/1g","435","2026-05-01","HIRA reimbursed drug list (effective 2026-05-01), MFDS class 396; supported oral classes only"
"다포가듀오서방정10/500밀리그램","Dapagliflozin + Metformin HCl","SGLT2_DA+MET","10mg/0.5g","402","2026-05-01","HIRA reimbursed drug list (effective 2026-05-01), MFDS class 396; supported oral classes only"
"다포가정10밀리그램","Dapagliflozin","SGLT2_DA","10mg","393","2026-05-01","HIRA reimbursed drug list (effective 2026-05-01), MFDS class 396; supported oral classes only"
"다포가플러스정10/100밀리그램","Dapagliflozin + Sitagliptin","SGLT2_DA+DPP4","10mg/0.1g","846","2026-05-01","HIRA reimbursed drug list (effective 2026-05-01), MFDS class 396; supported oral classes only"
"다포르메트서방정10/1000밀리그램","Dapagliflozin + Metformin HCl","SGLT2_DA+MET","10mg/1g","512","2026-05-01","HIRA reimbursed drug list (effective 2026-05-01), MFDS class 396; supported oral classes only"
"다포르메트서방정10/500밀리그램","Dapagliflozin + Metformin HCl","SGLT2_DA+MET","10mg/0.5g","473","2026-05-01","HIRA reimbursed drug list (effective 2026-05-01), MFDS class 396; supported oral classes only"
"다포르정10밀리그램","Dapagliflozin","SGLT2_DA","10mg","393","2026-05-01","HIRA reimbursed drug list (effective 2026-05-01), MFDS class 396; supported oral classes only"
"다포시정10밀리그램","Dapagliflozin","SGLT2_DA","10mg","393","2026-05-01","HIRA reimbursed drug list (effective 2026-05-01), MFDS class 396; supported oral classes only"
"다포진엠서방정10/1000밀리그램","Dapagliflozin + Metformin HCl","SGLT2_DA+MET","10mg/1g","512","2026-05-01","HIRA reimbursed drug list (effective 2026-05-01), MFDS class 396; supported oral classes only"
"다포진엠서방정10/500밀리그램","Dapagliflozin + Metformin HCl","SGLT2_DA+MET","10mg/0.5g","473","2026-05-01","HIRA reimbursed drug list (effective 2026-05-01), MFDS class 396; supported oral classes only"
"다포진정10밀리그램","Dapagliflozin","SGLT2_DA","10mg","435","2026-05-01","HIRA reimbursed drug list (effective 2026-05-01), MFDS class 396; supported oral classes only"
"다포진정5밀리그램","Dapagliflozin","SGLT2_DA","5mg","291","2026-05-01","HIRA reimbursed drug list (effective 2026-05-01), MFDS class 396; supported oral classes only"
"다퓨라정10밀리그램","Dapagliflozin","SGLT2_DA","10mg","393","2026-05-01","HIRA reimbursed drug list (effective 2026-05-01), MFDS class 396; supported oral classes only"
"다퓨라정5밀리그램","Dapagliflozin","SGLT2_DA","5mg","262","2026-05-01","HIRA reimbursed drug list (effective 2026-05-01), MFDS class 396; supported oral classes only"
"다프로디정10밀리그램","Dapagliflozin","SGLT2_DA","10mg","334","2026-05-01","HIRA reimbursed drug list (effective 2026-05-01), MFDS class 396; supported oral classes only"
"다플디엠메트서방정10/1000밀리그램","Dapagliflozin + Metformin HCl","SGLT2_DA+MET","10mg/1g","433","2026-05-01","HIRA reimbursed drug list (effective 2026-05-01), MFDS class 396; supported oral classes only"
"다플디엠메트서방정10/500밀리그램","Dapagliflozin + Metformin HCl","SGLT2_DA+MET","10mg/0.5g","402","2026-05-01","HIRA reimbursed drug list (effective 2026-05-01), MFDS class 396; supported oral classes only"
"다플디엠정10밀리그램","Dapagliflozin","SGLT2_DA","10mg","393","2026-05-01","HIRA reimbursed drug list (effective 2026-05-01), MFDS class 396; supported oral classes only"
"다플로정10밀리그램","Dapagliflozin","SGLT2_DA","10mg","393","2026-05-01","HIRA reimbursed drug list (effective 2026-05-01), MFDS class 396; supported oral classes only"
"다플로진정10mg","Dapagliflozin","SGLT2_DA","10mg","393","2026-05-01","HIRA reimbursed drug list (effective 2026-05-01), MFDS class 396; supported oral classes only"
"다플시타정10/100mg","Dapagliflozin + Sitagliptin","SGLT2_DA+DPP4","10mg/0.1g","846","2026-05-01","HIRA reimbursed drug list (effective 2026-05-01), MFDS class 396; supported oral classes only"
"다플진메트서방정10/1000밀리그램","Dapagliflozin + Metformin HCl","SGLT2_DA+MET","10mg/1g","435","2026-05-01","HIRA reimbursed drug list (effective 2026-05-01), MFDS class 396; supported oral classes only"
"다플진메트서방정10/500밀리그램","Dapagliflozin + Metformin HCl","SGLT2_DA+MET","10mg/0.5g","402","2026-05-01","HIRA reimbursed drug list (effective 2026-05-01), MFDS class 396; supported oral classes only"
"다플진메트서방정5/500밀리그램","Dapagliflozin + Metformin HCl","SGLT2_DA+MET","5mg/0.5g","342","2026-05-01","HIRA reimbursed drug list (effective 2026-05-01), MFDS class 396; supported oral classes only"
"다플진정10밀리그램","Dapagliflozin","SGLT2_DA","10mg","334","2026-05-01","HIRA reimbursed drug list (effective 2026-05-01), MFDS class 396; supported oral classes only"
"답플로엠서방정10/1000밀리그램","Dapagliflozin + Metformin HCl","SGLT2_DA+MET","10mg/1g","435","2026-05-01","HIRA reimbursed drug list (effective 2026-05-01), MFDS class 396; supported oral classes only"
"답플로엠서방정10/500밀리그램","Dapagliflozin + Metformin HCl","SGLT2_DA+MET","10mg/0.5g","402","2026-05-01","HIRA reimbursed drug list (effective 2026-05-01), MFDS class 396; supported oral classes only"
"답플로정10밀리그램","Dapagliflozin","SGLT2_DA","10mg","334","2026-05-01","HIRA reimbursed drug list (effective 2026-05-01), MFDS class 396; supported oral classes only"
"당시가정10밀리그램","Dapagliflozin","SGLT2_DA","10mg","334","2026-05-01","HIRA reimbursed drug list (effective 2026-05-01), MFDS class 396; supported oral classes only"
"당시가정5밀리그램","Dapagliflozin","SGLT2_DA","5mg","262","2026-05-01","HIRA reimbursed drug list (effective 2026-05-01), MFDS class 396; supported oral classes only"
"당이자누정100밀리그램","Sitagliptin","DPP4","0.1g","453","2026-05-01","HIRA reimbursed drug list (effective 2026-05-01), MFDS class 396; supported oral classes only"
"당이자누정25밀리그램","Sitagliptin","DPP4","25mg","200","2026-05-01","HIRA reimbursed drug list (effective 2026-05-01), MFDS class 396; supported oral classes only"
"당이자누정50밀리그램","Sitagliptin","DPP4","50mg","301","2026-05-01","HIRA reimbursed drug list (effective 2026-05-01), MFDS class 396; supported oral classes only"
"당이자누콤비정50/1000밀리그램","Metformin HCl + Sitagliptin","MET+DPP4","1g/50mg","377","2026-05-01","HIRA reimbursed drug list (effective 2026-05-01), MFDS class 396; supported oral classes only"
"당이자누콤비정50/500밀리그램","Metformin HCl + Sitagliptin","MET+DPP4","0.5g/50mg","371","2026-05-01","HIRA reimbursed drug list (effective 2026-05-01), MFDS class 396; supported oral classes only"
"당이자누콤비정50/850밀리그램","Metformin HCl + Sitagliptin","MET+DPP4","0.85g/50mg","371","2026-05-01","HIRA reimbursed drug list (effective 2026-05-01), MFDS class 396; supported oral classes only"
"대웅피오글리타존정15밀리그램","Pioglitazone","TZD","15mg","648","2026-05-01","HIRA reimbursed drug list (effective 2026-05-01), MFDS class 396; supported oral classes only"
"대웅피오글리타존정30밀리그램","Pioglitazone","TZD","30mg","940","2026-05-01","HIRA reimbursed drug list (effective 2026-05-01), MFDS class 396; supported oral classes only"
"대웅피오메트정15/850밀리그램","Metformin HCl + Pioglitazone","MET+TZD","0.85g/15mg","607","2026-05-01","HIRA reimbursed drug list (effective 2026-05-01), MFDS class 396; supported oral classes only"
"동구빌다글립틴정50밀리그램","Vildagliptin","DPP4","50mg","204","2026-05-01","HIRA reimbursed drug list (effective 2026-05-01), MFDS class 396; supported oral classes only"
"동아다파글리플로진정10밀리그램","Dapagliflozin","SGLT2_DA","10mg","393","2026-05-01","HIRA reimbursed drug list (effective 2026-05-01), MFDS class 396; supported oral classes only"
"동아다파글리플로진정5밀리그램","Dapagliflozin","SGLT2_DA","5mg","262","2026-05-01","HIRA reimbursed drug list (effective 2026-05-01), MFDS class 396; supported oral classes only"
"동화메트포르민서방정500밀리그램","Metformin HCl","MET","0.5g","101","2026-05-01","HIRA reimbursed drug list (effective 2026-05-01), MFDS class 396; supported oral classes only"
"듀글로우정10/15밀리그램","Dapagliflozin + Pioglitazone","SGLT2_DA+TZD","10mg/15mg","1041","2026-05-01","HIRA reimbursed drug list (effective 2026-05-01), MFDS class 396; supported oral classes only"
"듀글로우정10/30밀리그램","Dapagliflozin + Pioglitazone","SGLT2_DA+TZD","10mg/30mg","1333","2026-05-01","HIRA reimbursed drug list (effective 2026-05-01), MFDS class 396; supported oral classes only"
"듀비메트서방정0.25/1000밀리그램","Lobeglitazone + Metformin HCl","TZD+MET","0.208mg/1g","378","2026-05-01","HIRA reimbursed drug list (effective 2026-05-01), MFDS class 396; supported oral classes only"
"듀비메트서방정0.25/500밀리그램","Lobeglitazone + Metformin HCl","TZD+MET","0.208mg/0.5g","320","2026-05-01","HIRA reimbursed drug list (effective 2026-05-01), MFDS class 396; supported oral classes only"
"듀비메트서방정0.25/750밀리그램","Lobeglitazone + Metformin HCl","TZD+MET","0.208mg/0.75g","320","2026-05-01","HIRA reimbursed drug list (effective 2026-05-01), MFDS class 396; supported oral classes only"
"듀비메트서방정0.5/1000밀리그램","Lobeglitazone + Metformin HCl","TZD+MET","0.415mg/1g","619","2026-05-01","HIRA reimbursed drug list (effective 2026-05-01), MFDS class 396; supported oral classes only"
"듀비메트에스서방정0.25/50/500밀리그램","Lobeglitazone + Metformin HCl + Sitagliptin","TZD+MET+DPP4","0.208mg/0.5g/50mg","666","2026-05-01","HIRA reimbursed drug list (effective 2026-05-01), MFDS class 396; supported oral classes only"
"듀비메트에스서방정0.5/100/1000밀리그램","Lobeglitazone + Metformin HCl + Sitagliptin","TZD+MET+DPP4","0.415mg/1g/0.1g","999","2026-05-01","HIRA reimbursed drug list (effective 2026-05-01), MFDS class 396; supported oral classes only"
"듀비에에스정","Lobeglitazone + Sitagliptin","TZD+DPP4","0.415mg/0.1g","867","2026-05-01","HIRA reimbursed drug list (effective 2026-05-01), MFDS class 396; supported oral classes only"
"듀비에정0.5밀리그램","Lobeglitazone","TZD","0.415mg","610","2026-05-01","HIRA reimbursed drug list (effective 2026-05-01), MFDS class 396; supported oral classes only"
"듀오글리정","Dapagliflozin + Sitagliptin","SGLT2_DA+DPP4","10mg/0.1g","846","2026-05-01","HIRA reimbursed drug list (effective 2026-05-01), MFDS class 396; supported oral classes only"
"디마폴민서방정","Metformin HCl","MET","0.5g","90","2026-05-01","HIRA reimbursed drug list (effective 2026-05-01), MFDS class 396; supported oral classes only"
"디메리드정2밀리그램","Glimepiride","SU","2mg","157","2026-05-01","HIRA reimbursed drug list (effective 2026-05-01), MFDS class 396; supported oral classes only"
"디메릴정2밀리그램","Glimepiride","SU","2mg","183","2026-05-01","HIRA reimbursed drug list (effective 2026-05-01), MFDS class 396; supported oral classes only"
"디아그릴엠정2/500밀리그램","Glimepiride + Metformin HCl","SU+MET","2mg/0.5g","197","2026-05-01","HIRA reimbursed drug list (effective 2026-05-01), MFDS class 396; supported oral classes only"
"디아그릴정2밀리그램","Glimepiride","SU","2mg","185","2026-05-01","HIRA reimbursed drug list (effective 2026-05-01), MFDS class 396; supported oral classes only"
"디아리드정2밀리그램","Glimepiride","SU","2mg","157","2026-05-01","HIRA reimbursed drug list (effective 2026-05-01), MFDS class 396; supported oral classes only"
"디아리드정4밀리그램","Glimepiride","SU","4mg","241","2026-05-01","HIRA reimbursed drug list (effective 2026-05-01), MFDS class 396; supported oral classes only"
"디아릴정","Glimepiride","SU","2mg","184","2026-05-01","HIRA reimbursed drug list (effective 2026-05-01), MFDS class 396; supported oral classes only"
"디아릴정3밀리그램","Glimepiride","SU","3mg","235","2026-05-01","HIRA reimbursed drug list (effective 2026-05-01), MFDS class 396; supported oral classes only"
"디아릴정4mg","Glimepiride","SU","4mg","284","2026-05-01","HIRA reimbursed drug list (effective 2026-05-01), MFDS class 396; supported oral classes only"
"디아미크롱서방정","Gliclazide","SU","30mg","118","2026-05-01","HIRA reimbursed drug list (effective 2026-05-01), MFDS class 396; supported oral classes only"
"디아미크롱서방정60밀리그램","Gliclazide","SU","60mg","178","2026-05-01","HIRA reimbursed drug list (effective 2026-05-01), MFDS class 396; supported oral classes only"
"디아민정","Gliclazide","SU","80mg","65","2026-05-01","HIRA reimbursed drug list (effective 2026-05-01), MFDS class 396; supported oral classes only"
"디어메디엠정2/500밀리그램","Glimepiride + Metformin HCl","SU+MET","2mg/0.5g","197","2026-05-01","HIRA reimbursed drug list (effective 2026-05-01), MFDS class 396; supported oral classes only"
"디어메디정2밀리그람","Glimepiride","SU","2mg","185","2026-05-01","HIRA reimbursed drug list (effective 2026-05-01), MFDS class 396; supported oral classes only"
"디어메디정4밀리그램","Glimepiride","SU","4mg","241","2026-05-01","HIRA reimbursed drug list (effective 2026-05-01), MFDS class 396; supported oral classes only"
"디파글루엠서방정10/1000밀리그램","Dapagliflozin + Metformin HCl","SGLT2_DA+MET","10mg/1g","512","2026-05-01","HIRA reimbursed drug list (effective 2026-05-01), MFDS class 396; supported oral classes only"
"디파글루정10밀리그램","Dapagliflozin","SGLT2_DA","10mg","393","2026-05-01","HIRA reimbursed drug list (effective 2026-05-01), MFDS class 396; supported oral classes only"
"디파글루정5밀리그램","Dapagliflozin","SGLT2_DA","5mg","262","2026-05-01","HIRA reimbursed drug list (effective 2026-05-01), MFDS class 396; supported oral classes only"
"디포민정","Metformin HCl","MET","0.5g","70","2026-05-01","HIRA reimbursed drug list (effective 2026-05-01), MFDS class 396; supported oral classes only"
"디포테리엠서방정10/500밀리그램","Metformin HCl + Teneligliptin","MET+DPP4","0.5g/10mg","334","2026-05-01","HIRA reimbursed drug list (effective 2026-05-01), MFDS class 396; supported oral classes only"
"디포테리엠서방정10/750밀리그램","Metformin HCl + Teneligliptin","MET+DPP4","0.75g/10mg","334","2026-05-01","HIRA reimbursed drug list (effective 2026-05-01), MFDS class 396; supported oral classes only"
"디포테리엠서방정20/1000밀리그램","Metformin HCl + Teneligliptin","MET+DPP4","1g/20mg","665","2026-05-01","HIRA reimbursed drug list (effective 2026-05-01), MFDS class 396; supported oral classes only"
"디포테리정20밀리그램","Teneligliptin","DPP4","20mg","665","2026-05-01","HIRA reimbursed drug list (effective 2026-05-01), MFDS class 396; supported oral classes only"
"디플로정10밀리그램","Dapagliflozin","SGLT2_DA","10mg","334","2026-05-01","HIRA reimbursed drug list (effective 2026-05-01), MFDS class 396; supported oral classes only"
"디피원정10밀리그램","Dapagliflozin","SGLT2_DA","10mg","334","2026-05-01","HIRA reimbursed drug list (effective 2026-05-01), MFDS class 396; supported oral classes only"
"디피투정10/100밀리그램","Dapagliflozin + Sitagliptin","SGLT2_DA+DPP4","10mg/0.1g","846","2026-05-01","HIRA reimbursed drug list (effective 2026-05-01), MFDS class 396; supported oral classes only"
"라니글듀오서방정2.5/1000밀리그램","Linagliptin + Metformin HCl","DPP4+MET","2.5mg/1g","387","2026-05-01","HIRA reimbursed drug list (effective 2026-05-01), MFDS class 396; supported oral classes only"
"라니글듀오서방정5/1000밀리그램","Linagliptin + Metformin HCl","DPP4+MET","5mg/1g","521","2026-05-01","HIRA reimbursed drug list (effective 2026-05-01), MFDS class 396; supported oral classes only"
"라니글듀오정2.5/1000밀리그램","Linagliptin + Metformin HCl","DPP4+MET","2.5mg/1g","292","2026-05-01","HIRA reimbursed drug list (effective 2026-05-01), MFDS class 396; supported oral classes only"
"라니글듀오정2.5/500밀리그램","Linagliptin + Metformin HCl","DPP4+MET","2.5mg/0.5g","287","2026-05-01","HIRA reimbursed drug list (effective 2026-05-01), MFDS class 396; supported oral classes only"
"라니글듀오정2.5/850밀리그램","Linagliptin + Metformin HCl","DPP4+MET","2.5mg/0.85g","287","2026-05-01","HIRA reimbursed drug list (effective 2026-05-01), MFDS class 396; supported oral classes only"
"랙스엠정2/500밀리그램","Glimepiride + Metformin HCl","SU+MET","2mg/0.5g","197","2026-05-01","HIRA reimbursed drug list (effective 2026-05-01), MFDS class 396; supported oral classes only"
"랙스정2밀리그람","Glimepiride","SU","2mg","185","2026-05-01","HIRA reimbursed drug list (effective 2026-05-01), MFDS class 396; supported oral classes only"
"레파넘정0.5밀리그램","Repaglinide","MEG","0.5mg","105","2026-05-01","HIRA reimbursed drug list (effective 2026-05-01), MFDS class 396; supported oral classes only"
"레파넘정1밀리그램","Repaglinide","MEG","1mg","160","2026-05-01","HIRA reimbursed drug list (effective 2026-05-01), MFDS class 396; supported oral classes only"
"레파넘정2밀리그람","Repaglinide","MEG","2mg","227","2026-05-01","HIRA reimbursed drug list (effective 2026-05-01), MFDS class 396; supported oral classes only"
"로글리코엠정","Glimepiride + Metformin HCl","SU+MET","2mg/0.5g","167","2026-05-01","HIRA reimbursed drug list (effective 2026-05-01), MFDS class 396; supported oral classes only"
"로글리코정","Glimepiride","SU","2mg","185","2026-05-01","HIRA reimbursed drug list (effective 2026-05-01), MFDS class 396; supported oral classes only"
"리나그린정5밀리그램","Linagliptin","DPP4","5mg","341","2026-05-01","HIRA reimbursed drug list (effective 2026-05-01), MFDS class 396; supported oral classes only"
"리나글로메트서방정2.5/1000밀리그램","Linagliptin + Metformin HCl","DPP4+MET","2.5mg/1g","327","2026-05-01","HIRA reimbursed drug list (effective 2026-05-01), MFDS class 396; supported oral classes only"
"리나글로메트서방정5/1000밀리그램","Linagliptin + Metformin HCl","DPP4+MET","5mg/1g","521","2026-05-01","HIRA reimbursed drug list (effective 2026-05-01), MFDS class 396; supported oral classes only"
"리나글로정","Linagliptin","DPP4","5mg","402","2026-05-01","HIRA reimbursed drug list (effective 2026-05-01), MFDS class 396; supported oral classes only"
"리나글정","Linagliptin","DPP4","5mg","338","2026-05-01","HIRA reimbursed drug list (effective 2026-05-01), MFDS class 396; supported oral classes only"
"리나다파지정","Dapagliflozin + Linagliptin","SGLT2_DA+DPP4","10mg/5mg","795","2026-05-01","HIRA reimbursed drug list (effective 2026-05-01), MFDS class 396; supported oral classes only"
"리나디엠메트서방정2.5/1000밀리그램","Linagliptin + Metformin HCl","DPP4+MET","2.5mg/1g","387","2026-05-01","HIRA reimbursed drug list (effective 2026-05-01), MFDS class 396; supported oral classes only"
"리나디엠메트서방정5/1000밀리그램","Linagliptin + Metformin HCl","DPP4+MET","5mg/1g","521","2026-05-01","HIRA reimbursed drug list (effective 2026-05-01), MFDS class 396; supported oral classes only"
"리나디엠정5밀리그램","Linagliptin","DPP4","5mg","341","2026-05-01","HIRA reimbursed drug list (effective 2026-05-01), MFDS class 396; supported oral classes only"
"리나디포듀오서방정2.5/1000밀리그램","Linagliptin + Metformin HCl","DPP4+MET","2.5mg/1g","387","2026-05-01","HIRA reimbursed drug list (effective 2026-05-01), MFDS class 396; supported oral classes only"
"리나디포듀오서방정5/1000밀리그램","Linagliptin + Metformin HCl","DPP4+MET","5mg/1g","521","2026-05-01","HIRA reimbursed drug list (effective 2026-05-01), MFDS class 396; supported oral classes only"
"리나디포듀오정2.5/1000mg","Linagliptin + Metformin HCl","DPP4+MET","2.5mg/1g","344","2026-05-01","HIRA reimbursed drug list (effective 2026-05-01), MFDS class 396; supported oral classes only"
"리나디포듀오정2.5/500mg","Linagliptin + Metformin HCl","DPP4+MET","2.5mg/0.5g","338","2026-05-01","HIRA reimbursed drug list (effective 2026-05-01), MFDS class 396; supported oral classes only"
"리나디포듀오정2.5/850mg","Linagliptin + Metformin HCl","DPP4+MET","2.5mg/0.85g","338","2026-05-01","HIRA reimbursed drug list (effective 2026-05-01), MFDS class 396; supported oral classes only"
"리나디포정5mg","Linagliptin","DPP4","5mg","402","2026-05-01","HIRA reimbursed drug list (effective 2026-05-01), MFDS class 396; supported oral classes only"
"리나로엠서방정2.5/1000밀리그램","Linagliptin + Metformin HCl","DPP4+MET","2.5mg/1g","367","2026-05-01","HIRA reimbursed drug list (effective 2026-05-01), MFDS class 396; supported oral classes only"
"리나로엠서방정5/1000밀리그램","Linagliptin + Metformin HCl","DPP4+MET","5mg/1g","521","2026-05-01","HIRA reimbursed drug list (effective 2026-05-01), MFDS class 396; supported oral classes only"
"리나로엠정2.5/1000밀리그램","Linagliptin + Metformin HCl","DPP4+MET","2.5mg/1g","292","2026-05-01","HIRA reimbursed drug list (effective 2026-05-01), MFDS class 396; supported oral classes only"
"리나로엠정2.5/500밀리그램","Linagliptin + Metformin HCl","DPP4+MET","2.5mg/0.5g","285","2026-05-01","HIRA reimbursed drug list (effective 2026-05-01), MFDS class 396; supported oral classes only"
"리나로엠정2.5/850밀리그램","Linagliptin + Metformin HCl","DPP4+MET","2.5mg/0.85g","285","2026-05-01","HIRA reimbursed drug list (effective 2026-05-01), MFDS class 396; supported oral classes only"
"리나로정","Linagliptin","DPP4","5mg","341","2026-05-01","HIRA reimbursed drug list (effective 2026-05-01), MFDS class 396; supported oral classes only"
"리나루틴듀오서방정2.5/1000밀리그램","Linagliptin + Metformin HCl","DPP4+MET","2.5mg/1g","387","2026-05-01","HIRA reimbursed drug list (effective 2026-05-01), MFDS class 396; supported oral classes only"
"리나루틴듀오서방정5/1000밀리그램","Linagliptin + Metformin HCl","DPP4+MET","5mg/1g","521","2026-05-01","HIRA reimbursed drug list (effective 2026-05-01), MFDS class 396; supported oral classes only"
"리나루틴듀오정2.5/1000밀리그램","Linagliptin + Metformin HCl","DPP4+MET","2.5mg/1g","344","2026-05-01","HIRA reimbursed drug list (effective 2026-05-01), MFDS class 396; supported oral classes only"
"리나루틴듀오정2.5/500밀리그램","Linagliptin + Metformin HCl","DPP4+MET","2.5mg/0.5g","338","2026-05-01","HIRA reimbursed drug list (effective 2026-05-01), MFDS class 396; supported oral classes only"
"리나루틴듀오정2.5/850밀리그램","Linagliptin + Metformin HCl","DPP4+MET","2.5mg/0.85g","338","2026-05-01","HIRA reimbursed drug list (effective 2026-05-01), MFDS class 396; supported oral classes only"
"리나루틴정5밀리그램","Linagliptin","DPP4","5mg","402","2026-05-01","HIRA reimbursed drug list (effective 2026-05-01), MFDS class 396; supported oral classes only"
"리나맥스서방정2.5/1000밀리그램","Linagliptin + Metformin HCl","DPP4+MET","2.5mg/1g","387","2026-05-01","HIRA reimbursed drug list (effective 2026-05-01), MFDS class 396; supported oral classes only"
"리나맥스서방정5/1000밀리그램","Linagliptin + Metformin HCl","DPP4+MET","5mg/1g","521","2026-05-01","HIRA reimbursed drug list (effective 2026-05-01), MFDS class 396; supported oral classes only"
"리나엔듀오서방정2.5/1000밀리그램","Linagliptin + Metformin HCl","DPP4+MET","2.5mg/1g","387","2026-05-01","HIRA reimbursed drug list (effective 2026-05-01), MFDS class 396; supported oral classes only"
"리나엔듀오서방정5/1000밀리그램","Linagliptin + Metformin HCl","DPP4+MET","5mg/1g","521","2026-05-01","HIRA reimbursed drug list (effective 2026-05-01), MFDS class 396; supported oral classes only"
"리나원듀오정2.5/1000밀리그램","Linagliptin + Metformin HCl","DPP4+MET","2.5mg/1g","292","2026-05-01","HIRA reimbursed drug list (effective 2026-05-01), MFDS class 396; supported oral classes only"
"리나원듀오정2.5/500밀리그램","Linagliptin + Metformin HCl","DPP4+MET","2.5mg/0.5g","287","2026-05-01","HIRA reimbursed drug list (effective 2026-05-01), MFDS class 396; supported oral classes only"
"리나원듀오정2.5/850밀리그램","Linagliptin + Metformin HCl","DPP4+MET","2.5mg/0.85g","287","2026-05-01","HIRA reimbursed drug list (effective 2026-05-01), MFDS class 396; supported oral classes only"
"리나원정5밀리그램","Linagliptin","DPP4","5mg","341","2026-05-01","HIRA reimbursed drug list (effective 2026-05-01), MFDS class 396; supported oral classes only"
"리나제틴듀오정2.5/1000밀리그램","Linagliptin + Metformin HCl","DPP4+MET","2.5mg/1g","292","2026-05-01","HIRA reimbursed drug list (effective 2026-05-01), MFDS class 396; supported oral classes only"
"리나제틴듀오정2.5/500밀리그램","Linagliptin + Metformin HCl","DPP4+MET","2.5mg/0.5g","287","2026-05-01","HIRA reimbursed drug list (effective 2026-05-01), MFDS class 396; supported oral classes only"
"리나제틴듀오정2.5/850밀리그램","Linagliptin + Metformin HCl","DPP4+MET","2.5mg/0.85g","287","2026-05-01","HIRA reimbursed drug list (effective 2026-05-01), MFDS class 396; supported oral classes only"
"리나제틴정","Linagliptin","DPP4","5mg","339","2026-05-01","HIRA reimbursed drug list (effective 2026-05-01), MFDS class 396; supported oral classes only"
"리나젠타듀오서방정2.5/1000밀리그램","Linagliptin + Metformin HCl","DPP4+MET","2.5mg/1g","387","2026-05-01","HIRA reimbursed drug list (effective 2026-05-01), MFDS class 396; supported oral classes only"
"리나젠타듀오서방정5/1000밀리그램","Linagliptin + Metformin HCl","DPP4+MET","5mg/1g","521","2026-05-01","HIRA reimbursed drug list (effective 2026-05-01), MFDS class 396; supported oral classes only"
"리나젠타듀오정2.5/1000mg","Linagliptin + Metformin HCl","DPP4+MET","2.5mg/1g","292","2026-05-01","HIRA reimbursed drug list (effective 2026-05-01), MFDS class 396; supported oral classes only"
"리나젠타듀오정2.5/500mg","Linagliptin + Metformin HCl","DPP4+MET","2.5mg/0.5g","287","2026-05-01","HIRA reimbursed drug list (effective 2026-05-01), MFDS class 396; supported oral classes only"
"리나젠타듀오정2.5/850mg","Linagliptin + Metformin HCl","DPP4+MET","2.5mg/0.85g","287","2026-05-01","HIRA reimbursed drug list (effective 2026-05-01), MFDS class 396; supported oral classes only"
"리나젠타정","Linagliptin","DPP4","5mg","341","2026-05-01","HIRA reimbursed drug list (effective 2026-05-01), MFDS class 396; supported oral classes only"
"리나칸메트서방정2.5/1000밀리그램,메트포르민염산염)","Linagliptin + Metformin HCl","DPP4+MET","2.5mg/1g","387","2026-05-01","HIRA reimbursed drug list (effective 2026-05-01), MFDS class 396; supported oral classes only"
"리나칸메트서방정5/1000밀리그램,메트포르민염산염)","Linagliptin + Metformin HCl","DPP4+MET","5mg/1g","521","2026-05-01","HIRA reimbursed drug list (effective 2026-05-01), MFDS class 396; supported oral classes only"
"리나칸엠파정10/5밀리그램","Empagliflozin + Linagliptin","SGLT2_EM+DPP4","10mg/5mg","750","2026-05-01","HIRA reimbursed drug list (effective 2026-05-01), MFDS class 396; supported oral classes only"
"리나칸엠파정25/5밀리그램","Empagliflozin + Linagliptin","SGLT2_EM+DPP4","25mg/5mg","855","2026-05-01","HIRA reimbursed drug list (effective 2026-05-01), MFDS class 396; supported oral classes only"
"리나콤비서방정2.5/1000밀리그램","Linagliptin + Metformin HCl","DPP4+MET","2.5mg/1g","387","2026-05-01","HIRA reimbursed drug list (effective 2026-05-01), MFDS class 396; supported oral classes only"
"리나콤비서방정5/1000밀리그램","Linagliptin + Metformin HCl","DPP4+MET","5mg/1g","521","2026-05-01","HIRA reimbursed drug list (effective 2026-05-01), MFDS class 396; supported oral classes only"
"리나탑듀오서방정2.5/1000밀리그램","Linagliptin + Metformin HCl","DPP4+MET","2.5mg/1g","387","2026-05-01","HIRA reimbursed drug list (effective 2026-05-01), MFDS class 396; supported oral classes only"
"리나탑듀오서방정5/1000밀리그램","Linagliptin + Metformin HCl","DPP4+MET","5mg/1g","521","2026-05-01","HIRA reimbursed drug list (effective 2026-05-01), MFDS class 396; supported oral classes only"
"리나탑듀오정2.5/1000밀리그램","Linagliptin + Metformin HCl","DPP4+MET","2.5mg/1g","344","2026-05-01","HIRA reimbursed drug list (effective 2026-05-01), MFDS class 396; supported oral classes only"
"리나탑듀오정2.5/500밀리그램","Linagliptin + Metformin HCl","DPP4+MET","2.5mg/0.5g","338","2026-05-01","HIRA reimbursed drug list (effective 2026-05-01), MFDS class 396; supported oral classes only"
"리나탑듀오정2.5/850밀리그램","Linagliptin + Metformin HCl","DPP4+MET","2.5mg/0.85g","338","2026-05-01","HIRA reimbursed drug list (effective 2026-05-01), MFDS class 396; supported oral classes only"
"리나탑정5밀리그램","Linagliptin","DPP4","5mg","402","2026-05-01","HIRA reimbursed drug list (effective 2026-05-01), MFDS class 396; supported oral classes only"
"리나티젠듀오서방정2.5/1000밀리그램","Linagliptin + Metformin HCl","DPP4+MET","2.5mg/1g","387","2026-05-01","HIRA reimbursed drug list (effective 2026-05-01), MFDS class 396; supported oral classes only"
"리나티젠듀오서방정5/1000밀리그램","Linagliptin + Metformin HCl","DPP4+MET","5mg/1g","521","2026-05-01","HIRA reimbursed drug list (effective 2026-05-01), MFDS class 396; supported oral classes only"
"리나티젠듀오정2.5/1000밀리그램","Linagliptin + Metformin HCl","DPP4+MET","2.5mg/1g","292","2026-05-01","HIRA reimbursed drug list (effective 2026-05-01), MFDS class 396; supported oral classes only"
"리나티젠듀오정2.5/500밀리그램","Linagliptin + Metformin HCl","DPP4+MET","2.5mg/0.5g","287","2026-05-01","HIRA reimbursed drug list (effective 2026-05-01), MFDS class 396; supported oral classes only"
"리나티젠듀오정2.5/850밀리그램","Linagliptin + Metformin HCl","DPP4+MET","2.5mg/0.85g","287","2026-05-01","HIRA reimbursed drug list (effective 2026-05-01), MFDS class 396; supported oral classes only"
"리나티젠정5밀리그램","Linagliptin","DPP4","5mg","340","2026-05-01","HIRA reimbursed drug list (effective 2026-05-01), MFDS class 396; supported oral classes only"
"리나틴정","Linagliptin","DPP4","5mg","402","2026-05-01","HIRA reimbursed drug list (effective 2026-05-01), MFDS class 396; supported oral classes only"
"리나틴플러스엑스알정2.5/1000밀리그램","Linagliptin + Metformin HCl","DPP4+MET","2.5mg/1g","387","2026-05-01","HIRA reimbursed drug list (effective 2026-05-01), MFDS class 396; supported oral classes only"
"리나틴플러스엑스알정5/1000밀리그램","Linagliptin + Metformin HCl","DPP4+MET","5mg/1g","521","2026-05-01","HIRA reimbursed drug list (effective 2026-05-01), MFDS class 396; supported oral classes only"
"리나틴플러스정2.5/1000밀리그램","Linagliptin + Metformin HCl","DPP4+MET","2.5mg/1g","344","2026-05-01","HIRA reimbursed drug list (effective 2026-05-01), MFDS class 396; supported oral classes only"
"리나틴플러스정2.5/500밀리그램","Linagliptin + Metformin HCl","DPP4+MET","2.5mg/0.5g","338","2026-05-01","HIRA reimbursed drug list (effective 2026-05-01), MFDS class 396; supported oral classes only"
"리나틴플러스정2.5/850밀리그램","Linagliptin + Metformin HCl","DPP4+MET","2.5mg/0.85g","338","2026-05-01","HIRA reimbursed drug list (effective 2026-05-01), MFDS class 396; supported oral classes only"
"리나하나정","Linagliptin","DPP4","5mg","402","2026-05-01","HIRA reimbursed drug list (effective 2026-05-01), MFDS class 396; supported oral classes only"
"리디포엠서방정2.5/1000밀리그램","Linagliptin + Metformin HCl","DPP4+MET","2.5mg/1g","387","2026-05-01","HIRA reimbursed drug list (effective 2026-05-01), MFDS class 396; supported oral classes only"
"리디포엠서방정5/1000밀리그램","Linagliptin + Metformin HCl","DPP4+MET","5mg/1g","521","2026-05-01","HIRA reimbursed drug list (effective 2026-05-01), MFDS class 396; supported oral classes only"
"리라젠타듀오서방정2.5/1000밀리그램","Linagliptin + Metformin HCl","DPP4+MET","2.5mg/1g","387","2026-05-01","HIRA reimbursed drug list (effective 2026-05-01), MFDS class 396; supported oral classes only"
"리라젠타듀오서방정5/1000밀리그램","Linagliptin + Metformin HCl","DPP4+MET","5mg/1g","521","2026-05-01","HIRA reimbursed drug list (effective 2026-05-01), MFDS class 396; supported oral classes only"
"리라젠타듀오정2.5/1000밀리그램","Linagliptin + Metformin HCl","DPP4+MET","2.5mg/1g","344","2026-05-01","HIRA reimbursed drug list (effective 2026-05-01), MFDS class 396; supported oral classes only"
"리라젠타듀오정2.5/500밀리그램","Linagliptin + Metformin HCl","DPP4+MET","2.5mg/0.5g","338","2026-05-01","HIRA reimbursed drug list (effective 2026-05-01), MFDS class 396; supported oral classes only"
"리라젠타듀오정2.5/850밀리그램","Linagliptin + Metformin HCl","DPP4+MET","2.5mg/0.85g","338","2026-05-01","HIRA reimbursed drug list (effective 2026-05-01), MFDS class 396; supported oral classes only"
"리라젠타정5밀리그램","Linagliptin","DPP4","5mg","402","2026-05-01","HIRA reimbursed drug list (effective 2026-05-01), MFDS class 396; supported oral classes only"
"리메드정2mg","Glimepiride","SU","2mg","157","2026-05-01","HIRA reimbursed drug list (effective 2026-05-01), MFDS class 396; supported oral classes only"
"리메트폴정2/500밀리그램","Glimepiride + Metformin HCl","SU+MET","2mg/0.5g","167","2026-05-01","HIRA reimbursed drug list (effective 2026-05-01), MFDS class 396; supported oral classes only"
"리메포민정2/500밀리그램","Glimepiride + Metformin HCl","SU+MET","2mg/0.5g","167","2026-05-01","HIRA reimbursed drug list (effective 2026-05-01), MFDS class 396; supported oral classes only"
"리타메진서방정2.5/1000밀리그램,메트포르민염산염)","Linagliptin + Metformin HCl","DPP4+MET","2.5mg/1g","387","2026-05-01","HIRA reimbursed drug list (effective 2026-05-01), MFDS class 396; supported oral classes only"
"리타메진서방정5/1000밀리그램,메트포르민염산염)","Linagliptin + Metformin HCl","DPP4+MET","5mg/1g","521","2026-05-01","HIRA reimbursed drug list (effective 2026-05-01), MFDS class 396; supported oral classes only"
"리타메진정2.5/1000밀리그램","Linagliptin + Metformin HCl","DPP4+MET","2.5mg/1g","344","2026-05-01","HIRA reimbursed drug list (effective 2026-05-01), MFDS class 396; supported oral classes only"
"리타메진정2.5/500밀리그램","Linagliptin + Metformin HCl","DPP4+MET","2.5mg/0.5g","338","2026-05-01","HIRA reimbursed drug list (effective 2026-05-01), MFDS class 396; supported oral classes only"
"리타메진정2.5/850밀리그램","Linagliptin + Metformin HCl","DPP4+MET","2.5mg/0.85g","338","2026-05-01","HIRA reimbursed drug list (effective 2026-05-01), MFDS class 396; supported oral classes only"
"리타진정","Linagliptin","DPP4","5mg","402","2026-05-01","HIRA reimbursed drug list (effective 2026-05-01), MFDS class 396; supported oral classes only"
"리트라젠듀오정2.5/1000mg","Linagliptin + Metformin HCl","DPP4+MET","2.5mg/1g","292","2026-05-01","HIRA reimbursed drug list (effective 2026-05-01), MFDS class 396; supported oral classes only"
"리트라젠듀오정2.5/500mg","Linagliptin + Metformin HCl","DPP4+MET","2.5mg/0.5g","287","2026-05-01","HIRA reimbursed drug list (effective 2026-05-01), MFDS class 396; supported oral classes only"
"리트라젠듀오정2.5/850mg","Linagliptin + Metformin HCl","DPP4+MET","2.5mg/0.85g","287","2026-05-01","HIRA reimbursed drug list (effective 2026-05-01), MFDS class 396; supported oral classes only"
"리트라젠정5mg","Linagliptin","DPP4","5mg","341","2026-05-01","HIRA reimbursed drug list (effective 2026-05-01), MFDS class 396; supported oral classes only"
"리포민듀오서방정2.5/1000밀리그램","Linagliptin + Metformin HCl","DPP4+MET","2.5mg/1g","387","2026-05-01","HIRA reimbursed drug list (effective 2026-05-01), MFDS class 396; supported oral classes only"
"리포민듀오서방정5/1000밀리그램","Linagliptin + Metformin HCl","DPP4+MET","5mg/1g","521","2026-05-01","HIRA reimbursed drug list (effective 2026-05-01), MFDS class 396; supported oral classes only"
"메가폴민서방정500밀리그램","Metformin HCl","MET","0.5g","101","2026-05-01","HIRA reimbursed drug list (effective 2026-05-01), MFDS class 396; supported oral classes only"
"메가폴민정500밀리그램","Metformin HCl","MET","0.5g","70","2026-05-01","HIRA reimbursed drug list (effective 2026-05-01), MFDS class 396; supported oral classes only"
"메가피오정15밀리그램","Pioglitazone","TZD","15mg","551","2026-05-01","HIRA reimbursed drug list (effective 2026-05-01), MFDS class 396; supported oral classes only"
"메디롤엠정2/500밀리그램","Glimepiride + Metformin HCl","SU+MET","2mg/0.5g","167","2026-05-01","HIRA reimbursed drug list (effective 2026-05-01), MFDS class 396; supported oral classes only"
"메디롤정2mg","Glimepiride","SU","2mg","185","2026-05-01","HIRA reimbursed drug list (effective 2026-05-01), MFDS class 396; supported oral classes only"
"메디롤정4mg","Glimepiride","SU","4mg","284","2026-05-01","HIRA reimbursed drug list (effective 2026-05-01), MFDS class 396; supported oral classes only"
"메리클정","Glimepiride","SU","2mg","185","2026-05-01","HIRA reimbursed drug list (effective 2026-05-01), MFDS class 396; supported oral classes only"
"메비드정","Glimepiride","SU","2mg","157","2026-05-01","HIRA reimbursed drug list (effective 2026-05-01), MFDS class 396; supported oral classes only"
"메토르민정","Metformin HCl","MET","0.5g","70","2026-05-01","HIRA reimbursed drug list (effective 2026-05-01), MFDS class 396; supported oral classes only"
"메토포르서방정","Metformin HCl","MET","0.5g","101","2026-05-01","HIRA reimbursed drug list (effective 2026-05-01), MFDS class 396; supported oral classes only"
"메토포르정500밀리그램","Metformin HCl","MET","0.5g","70","2026-05-01","HIRA reimbursed drug list (effective 2026-05-01), MFDS class 396; supported oral classes only"
"메토폴정","Metformin HCl","MET","0.5g","70","2026-05-01","HIRA reimbursed drug list (effective 2026-05-01), MFDS class 396; supported oral classes only"
"메트그린에스알정500밀리그람","Metformin HCl","MET","0.5g","118","2026-05-01","HIRA reimbursed drug list (effective 2026-05-01), MFDS class 396; supported oral classes only"
"메트글루서방정500밀리그램","Metformin HCl","MET","0.5g","101","2026-05-01","HIRA reimbursed drug list (effective 2026-05-01), MFDS class 396; supported oral classes only"
"메트레닌정","Metformin HCl","MET","0.5g","70","2026-05-01","HIRA reimbursed drug list (effective 2026-05-01), MFDS class 396; supported oral classes only"
"메트로정500밀리그램","Metformin HCl","MET","0.5g","69","2026-05-01","HIRA reimbursed drug list (effective 2026-05-01), MFDS class 396; supported oral classes only"
"메트린정500mg","Metformin HCl","MET","0.5g","70","2026-05-01","HIRA reimbursed drug list (effective 2026-05-01), MFDS class 396; supported oral classes only"
"메트마릴정1/250밀리그램","Glimepiride + Metformin HCl","SU+MET","1mg/0.25g","132","2026-05-01","HIRA reimbursed drug list (effective 2026-05-01), MFDS class 396; supported oral classes only"
"메트마릴정2/500밀리그램","Glimepiride + Metformin HCl","SU+MET","2mg/0.5g","197","2026-05-01","HIRA reimbursed drug list (effective 2026-05-01), MFDS class 396; supported oral classes only"
"메트민정500밀리그램","Metformin HCl","MET","0.5g","70","2026-05-01","HIRA reimbursed drug list (effective 2026-05-01), MFDS class 396; supported oral classes only"
"메트원서방정","Metformin HCl","MET","0.5g","101","2026-05-01","HIRA reimbursed drug list (effective 2026-05-01), MFDS class 396; supported oral classes only"
"메트파민정","Metformin HCl","MET","0.5g","66","2026-05-01","HIRA reimbursed drug list (effective 2026-05-01), MFDS class 396; supported oral classes only"
"메트포민서방정","Metformin HCl","MET","0.5g","89","2026-05-01","HIRA reimbursed drug list (effective 2026-05-01), MFDS class 396; supported oral classes only"
"메트폴엠정","Metformin HCl","MET","0.5g","70","2026-05-01","HIRA reimbursed drug list (effective 2026-05-01), MFDS class 396; supported oral classes only"
"메트폴정500mg","Metformin HCl","MET","0.5g","70","2026-05-01","HIRA reimbursed drug list (effective 2026-05-01), MFDS class 396; supported oral classes only"
"메포딘정500밀리그램","Metformin HCl","MET","0.5g","70","2026-05-01","HIRA reimbursed drug list (effective 2026-05-01), MFDS class 396; supported oral classes only"
"메포민플러스정","Glimepiride + Metformin HCl","SU+MET","2mg/0.5g","167","2026-05-01","HIRA reimbursed drug list (effective 2026-05-01), MFDS class 396; supported oral classes only"
"메폴린정500mg","Metformin HCl","MET","0.5g","70","2026-05-01","HIRA reimbursed drug list (effective 2026-05-01), MFDS class 396; supported oral classes only"
"메프릴엠정2/500밀리그램","Glimepiride + Metformin HCl","SU+MET","2mg/0.5g","167","2026-05-01","HIRA reimbursed drug list (effective 2026-05-01), MFDS class 396; supported oral classes only"
"메프릴정","Glimepiride","SU","2mg","185","2026-05-01","HIRA reimbursed drug list (effective 2026-05-01), MFDS class 396; supported oral classes only"
"메프민서방정500밀리그램","Metformin HCl","MET","0.5g","101","2026-05-01","HIRA reimbursed drug list (effective 2026-05-01), MFDS class 396; supported oral classes only"
"메피그릴정","Glimepiride","SU","2mg","185","2026-05-01","HIRA reimbursed drug list (effective 2026-05-01), MFDS class 396; supported oral classes only"
"메피리드정","Glimepiride","SU","2mg","185","2026-05-01","HIRA reimbursed drug list (effective 2026-05-01), MFDS class 396; supported oral classes only"
"메피릴정","Glimepiride","SU","2mg","152","2026-05-01","HIRA reimbursed drug list (effective 2026-05-01), MFDS class 396; supported oral classes only"
"멜포민서방정500mg","Metformin HCl","MET","0.5g","101","2026-05-01","HIRA reimbursed drug list (effective 2026-05-01), MFDS class 396; supported oral classes only"
"명문리나글립틴듀오서방정 5/1000밀리그램","Linagliptin + Metformin HCl","DPP4+MET","5mg/1g","521","2026-05-01","HIRA reimbursed drug list (effective 2026-05-01), MFDS class 396; supported oral classes only"
"명문리나글립틴듀오서방정2.5/1000밀리그램","Linagliptin + Metformin HCl","DPP4+MET","2.5mg/1g","387","2026-05-01","HIRA reimbursed drug list (effective 2026-05-01), MFDS class 396; supported oral classes only"
"미디아정","Glimepiride","SU","2mg","185","2026-05-01","HIRA reimbursed drug list (effective 2026-05-01), MFDS class 396; supported oral classes only"
"미아릴엠정1/250밀리그램","Glimepiride + Metformin HCl","SU+MET","1mg/0.25g","112","2026-05-01","HIRA reimbursed drug list (effective 2026-05-01), MFDS class 396; supported oral classes only"
"미아릴엠정2/500밀리그램","Glimepiride + Metformin HCl","SU+MET","2mg/0.5g","167","2026-05-01","HIRA reimbursed drug list (effective 2026-05-01), MFDS class 396; supported oral classes only"
"미아릴정","Glimepiride","SU","2mg","185","2026-05-01","HIRA reimbursed drug list (effective 2026-05-01), MFDS class 396; supported oral classes only"
"베나보정0.3밀리그램","Enavogliflozin","SGLT2_EN","0.3mg","611","2026-05-01","HIRA reimbursed drug list (effective 2026-05-01), MFDS class 396; supported oral classes only"
"베아릴엠정2/500밀리그램","Glimepiride + Metformin HCl","SU+MET","2mg/0.5g","167","2026-05-01","HIRA reimbursed drug list (effective 2026-05-01), MFDS class 396; supported oral classes only"
"베아릴정1밀리그램","Glimepiride","SU","1mg","105","2026-05-01","HIRA reimbursed drug list (effective 2026-05-01), MFDS class 396; supported oral classes only"
"베아릴정2밀리그램","Glimepiride","SU","2mg","157","2026-05-01","HIRA reimbursed drug list (effective 2026-05-01), MFDS class 396; supported oral classes only"
"베아릴정4밀리그램","Glimepiride","SU","4mg","241","2026-05-01","HIRA reimbursed drug list (effective 2026-05-01), MFDS class 396; supported oral classes only"
"베이슨정0.2밀리그램","Voglibose","AGI","0.2mg","106","2026-05-01","HIRA reimbursed drug list (effective 2026-05-01), MFDS class 396; supported oral classes only"
"베이슨정0.3밀리그램","Voglibose","AGI","0.3mg","133","2026-05-01","HIRA reimbursed drug list (effective 2026-05-01), MFDS class 396; supported oral classes only"
"보령글리메피리드정2밀리그램","Glimepiride","SU","2mg","185","2026-05-01","HIRA reimbursed drug list (effective 2026-05-01), MFDS class 396; supported oral classes only"
"부디앙정10밀리그램","Empagliflozin","SGLT2_EM","10mg","265","2026-05-01","HIRA reimbursed drug list (effective 2026-05-01), MFDS class 396; supported oral classes only"
"부디앙정25밀리그램","Empagliflozin","SGLT2_EM","25mg","347","2026-05-01","HIRA reimbursed drug list (effective 2026-05-01), MFDS class 396; supported oral classes only"
"비아틴엠정50/500밀리그램","Metformin HCl + Sitagliptin","MET+DPP4","0.5g/50mg","371","2026-05-01","HIRA reimbursed drug list (effective 2026-05-01), MFDS class 396; supported oral classes only"
"비아틴정100밀리그램","Sitagliptin","DPP4","0.1g","453","2026-05-01","HIRA reimbursed drug list (effective 2026-05-01), MFDS class 396; supported oral classes only"
"비아틴정50밀리그램","Sitagliptin","DPP4","50mg","301","2026-05-01","HIRA reimbursed drug list (effective 2026-05-01), MFDS class 396; supported oral classes only"
"비엘글리메정2밀리그램","Glimepiride","SU","2mg","148","2026-05-01","HIRA reimbursed drug list (effective 2026-05-01), MFDS class 396; supported oral classes only"
"빌가드엠정50/500밀리그램","Metformin HCl + Vildagliptin","MET+DPP4","0.5g/50mg","264","2026-05-01","HIRA reimbursed drug list (effective 2026-05-01), MFDS class 396; supported oral classes only"
"빌가드정50밀리그램","Vildagliptin","DPP4","50mg","204","2026-05-01","HIRA reimbursed drug list (effective 2026-05-01), MFDS class 396; supported oral classes only"
"빌다글립엠정50밀리그램","Vildagliptin","DPP4","50mg","204","2026-05-01","HIRA reimbursed drug list (effective 2026-05-01), MFDS class 396; supported oral classes only"
"빌다글메트정50/1000밀리그램","Metformin HCl + Vildagliptin","MET+DPP4","1g/50mg","315","2026-05-01","HIRA reimbursed drug list (effective 2026-05-01), MFDS class 396; supported oral classes only"
"빌다글메트정50/500밀리그램","Metformin HCl + Vildagliptin","MET+DPP4","0.5g/50mg","300","2026-05-01","HIRA reimbursed drug list (effective 2026-05-01), MFDS class 396; supported oral classes only"
"빌다글메트정50/850밀리그램","Metformin HCl + Vildagliptin","MET+DPP4","0.85g/50mg","310","2026-05-01","HIRA reimbursed drug list (effective 2026-05-01), MFDS class 396; supported oral classes only"
"빌다글정50밀리그램","Vildagliptin","DPP4","50mg","300","2026-05-01","HIRA reimbursed drug list (effective 2026-05-01), MFDS class 396; supported oral classes only"
"빌다듀오엠정50/1000밀리그램","Metformin HCl + Vildagliptin","MET+DPP4","1g/50mg","283","2026-05-01","HIRA reimbursed drug list (effective 2026-05-01), MFDS class 396; supported oral classes only"
"빌다듀오엠정50/500밀리그램","Metformin HCl + Vildagliptin","MET+DPP4","0.5g/50mg","264","2026-05-01","HIRA reimbursed drug list (effective 2026-05-01), MFDS class 396; supported oral classes only"
"빌다듀오엠정50/850밀리그램","Metformin HCl + Vildagliptin","MET+DPP4","0.85g/50mg","278","2026-05-01","HIRA reimbursed drug list (effective 2026-05-01), MFDS class 396; supported oral classes only"
"빌다메트정50/1000밀리그램","Metformin HCl + Vildagliptin","MET+DPP4","1g/50mg","316","2026-05-01","HIRA reimbursed drug list (effective 2026-05-01), MFDS class 396; supported oral classes only"
"빌다메트정50/500밀리그램","Metformin HCl + Vildagliptin","MET+DPP4","0.5g/50mg","310","2026-05-01","HIRA reimbursed drug list (effective 2026-05-01), MFDS class 396; supported oral classes only"
"빌다메트정50/850밀리그램","Metformin HCl + Vildagliptin","MET+DPP4","0.85g/50mg","310","2026-05-01","HIRA reimbursed drug list (effective 2026-05-01), MFDS class 396; supported oral classes only"
"빌다브스엠정50/1000밀리그램","Metformin HCl + Vildagliptin","MET+DPP4","1g/50mg","283","2026-05-01","HIRA reimbursed drug list (effective 2026-05-01), MFDS class 396; supported oral classes only"
"빌다브스엠정50/500밀리그램","Metformin HCl + Vildagliptin","MET+DPP4","0.5g/50mg","264","2026-05-01","HIRA reimbursed drug list (effective 2026-05-01), MFDS class 396; supported oral classes only"
"빌다브스엠정50/850밀리그램","Metformin HCl + Vildagliptin","MET+DPP4","0.85g/50mg","278","2026-05-01","HIRA reimbursed drug list (effective 2026-05-01), MFDS class 396; supported oral classes only"
"빌다브스정50밀리그램","Vildagliptin","DPP4","50mg","204","2026-05-01","HIRA reimbursed drug list (effective 2026-05-01), MFDS class 396; supported oral classes only"
"빌다정50밀리그램","Vildagliptin","DPP4","50mg","314","2026-05-01","HIRA reimbursed drug list (effective 2026-05-01), MFDS class 396; supported oral classes only"
"빌다틴메트정50/500밀리그램","Metformin HCl + Vildagliptin","MET+DPP4","0.5g/50mg","264","2026-05-01","HIRA reimbursed drug list (effective 2026-05-01), MFDS class 396; supported oral classes only"
"빌다틴정50밀리그램","Vildagliptin","DPP4","50mg","204","2026-05-01","HIRA reimbursed drug list (effective 2026-05-01), MFDS class 396; supported oral classes only"
"빌다포트메트정50/1000밀리그램","Metformin HCl + Vildagliptin","MET+DPP4","1g/50mg","333","2026-05-01","HIRA reimbursed drug list (effective 2026-05-01), MFDS class 396; supported oral classes only"
"빌다포트메트정50/500밀리그램","Metformin HCl + Vildagliptin","MET+DPP4","0.5g/50mg","310","2026-05-01","HIRA reimbursed drug list (effective 2026-05-01), MFDS class 396; supported oral classes only"
"빌다포트메트정50/850밀리그램","Metformin HCl + Vildagliptin","MET+DPP4","0.85g/50mg","327","2026-05-01","HIRA reimbursed drug list (effective 2026-05-01), MFDS class 396; supported oral classes only"
"빌다포트정50밀리그램","Vildagliptin","DPP4","50mg","240","2026-05-01","HIRA reimbursed drug list (effective 2026-05-01), MFDS class 396; supported oral classes only"
"빌브스정50밀리그램","Vildagliptin","DPP4","50mg","204","2026-05-01","HIRA reimbursed drug list (effective 2026-05-01), MFDS class 396; supported oral classes only"
"빌탁스정50밀리그램","Vildagliptin","DPP4","50mg","204","2026-05-01","HIRA reimbursed drug list (effective 2026-05-01), MFDS class 396; supported oral classes only"
"삼다파듀오정10/100밀리그램","Dapagliflozin + Sitagliptin","SGLT2_DA+DPP4","10mg/0.1g","846","2026-05-01","HIRA reimbursed drug list (effective 2026-05-01), MFDS class 396; supported oral classes only"
"삼성다파글리플로진정","Dapagliflozin","SGLT2_DA","10mg","334","2026-05-01","HIRA reimbursed drug list (effective 2026-05-01), MFDS class 396; supported oral classes only"
"삼시타정100밀리그램","Sitagliptin","DPP4","0.1g","453","2026-05-01","HIRA reimbursed drug list (effective 2026-05-01), MFDS class 396; supported oral classes only"
"삼시타정25밀리그램","Sitagliptin","DPP4","25mg","200","2026-05-01","HIRA reimbursed drug list (effective 2026-05-01), MFDS class 396; supported oral classes only"
"삼시타정50밀리그램","Sitagliptin","DPP4","50mg","301","2026-05-01","HIRA reimbursed drug list (effective 2026-05-01), MFDS class 396; supported oral classes only"
"삼시타플러스정50/1000밀리그램","Metformin HCl + Sitagliptin","MET+DPP4","1g/50mg","377","2026-05-01","HIRA reimbursed drug list (effective 2026-05-01), MFDS class 396; supported oral classes only"
"삼시타플러스정50/500밀리그램","Metformin HCl + Sitagliptin","MET+DPP4","0.5g/50mg","371","2026-05-01","HIRA reimbursed drug list (effective 2026-05-01), MFDS class 396; supported oral classes only"
"삼시타플러스정50/850밀리그램","Metformin HCl + Sitagliptin","MET+DPP4","0.85g/50mg","371","2026-05-01","HIRA reimbursed drug list (effective 2026-05-01), MFDS class 396; supported oral classes only"
"삼익염산메트포르민정","Metformin HCl","MET","0.5g","51","2026-05-01","HIRA reimbursed drug list (effective 2026-05-01), MFDS class 396; supported oral classes only"
"삼진메트포르민정","Metformin HCl","MET","0.5g","70","2026-05-01","HIRA reimbursed drug list (effective 2026-05-01), MFDS class 396; supported oral classes only"
"삼천당글리클라짓정","Gliclazide","SU","80mg","87","2026-05-01","HIRA reimbursed drug list (effective 2026-05-01), MFDS class 396; supported oral classes only"
"삼천당보글리보스정0.3밀리그램","Voglibose","AGI","0.3mg","114","2026-05-01","HIRA reimbursed drug list (effective 2026-05-01), MFDS class 396; supported oral classes only"
"셀파엠정10밀리그램","Empagliflozin","SGLT2_EM","10mg","265","2026-05-01","HIRA reimbursed drug list (effective 2026-05-01), MFDS class 396; supported oral classes only"
"셀파엠정25밀리그램","Empagliflozin","SGLT2_EM","25mg","347","2026-05-01","HIRA reimbursed drug list (effective 2026-05-01), MFDS class 396; supported oral classes only"
"셀피리드정","Glimepiride","SU","2mg","157","2026-05-01","HIRA reimbursed drug list (effective 2026-05-01), MFDS class 396; supported oral classes only"
"슈가논정5밀리그램","Evogliptin","DPP4","5mg","730","2026-05-01","HIRA reimbursed drug list (effective 2026-05-01), MFDS class 396; supported oral classes only"
"슈가다파정","Dapagliflozin + Evogliptin","SGLT2_DA+DPP4","10mg/5mg","799","2026-05-01","HIRA reimbursed drug list (effective 2026-05-01), MFDS class 396; supported oral classes only"
"슈가맥스정10/100밀리그램","Dapagliflozin + Sitagliptin","SGLT2_DA+DPP4","10mg/0.1g","846","2026-05-01","HIRA reimbursed drug list (effective 2026-05-01), MFDS class 396; supported oral classes only"
"슈가메트서방정2.5/500밀리그램","Evogliptin + Metformin HCl","DPP4+MET","2.5mg/0.5g","347","2026-05-01","HIRA reimbursed drug list (effective 2026-05-01), MFDS class 396; supported oral classes only"
"슈가메트서방정2.5/850밀리그램","Evogliptin + Metformin HCl","DPP4+MET","2.5mg/0.85g","347","2026-05-01","HIRA reimbursed drug list (effective 2026-05-01), MFDS class 396; supported oral classes only"
"슈가메트서방정5/1000밀리그램","Evogliptin + Metformin HCl","DPP4+MET","5mg/1g","693","2026-05-01","HIRA reimbursed drug list (effective 2026-05-01), MFDS class 396; supported oral classes only"
"슈가트리서방정5/10/1000mg","Dapagliflozin + Evogliptin + Metformin HCl","SGLT2_DA+DPP4+MET","10mg/5mg/1g","950","2026-05-01","HIRA reimbursed drug list (effective 2026-05-01), MFDS class 396; supported oral classes only"
"슈가파정10밀리그램","Dapagliflozin","SGLT2_DA","10mg","393","2026-05-01","HIRA reimbursed drug list (effective 2026-05-01), MFDS class 396; supported oral classes only"
"슈퍼다이아정500밀리그램","Metformin HCl","MET","0.5g","70","2026-05-01","HIRA reimbursed drug list (effective 2026-05-01), MFDS class 396; supported oral classes only"
"스타메진정50/1000밀리그램","Metformin HCl + Sitagliptin","MET+DPP4","1g/50mg","349","2026-05-01","HIRA reimbursed drug list (effective 2026-05-01), MFDS class 396; supported oral classes only"
"스타메진정50/500밀리그램","Metformin HCl + Sitagliptin","MET+DPP4","0.5g/50mg","327","2026-05-01","HIRA reimbursed drug list (effective 2026-05-01), MFDS class 396; supported oral classes only"
"스타메진정50/850밀리그램","Metformin HCl + Sitagliptin","MET+DPP4","0.85g/50mg","343","2026-05-01","HIRA reimbursed drug list (effective 2026-05-01), MFDS class 396; supported oral classes only"
"스타진정100밀리그램","Sitagliptin","DPP4","0.1g","385","2026-05-01","HIRA reimbursed drug list (effective 2026-05-01), MFDS class 396; supported oral classes only"
"스타진정50밀리그램","Sitagliptin","DPP4","50mg","256","2026-05-01","HIRA reimbursed drug list (effective 2026-05-01), MFDS class 396; supported oral classes only"
"시글립듀오정50/1000밀리그램","Metformin HCl + Sitagliptin","MET+DPP4","1g/50mg","377","2026-05-01","HIRA reimbursed drug list (effective 2026-05-01), MFDS class 396; supported oral classes only"
"시글립듀오정50/500밀리그램","Metformin HCl + Sitagliptin","MET+DPP4","0.5g/50mg","371","2026-05-01","HIRA reimbursed drug list (effective 2026-05-01), MFDS class 396; supported oral classes only"
"시글립듀오정50/850밀리그램","Metformin HCl + Sitagliptin","MET+DPP4","0.85g/50mg","371","2026-05-01","HIRA reimbursed drug list (effective 2026-05-01), MFDS class 396; supported oral classes only"
"시글립정100밀리그램","Sitagliptin","DPP4","0.1g","453","2026-05-01","HIRA reimbursed drug list (effective 2026-05-01), MFDS class 396; supported oral classes only"
"시글립정25밀리그램","Sitagliptin","DPP4","25mg","200","2026-05-01","HIRA reimbursed drug list (effective 2026-05-01), MFDS class 396; supported oral classes only"
"시글립정50밀리그램","Sitagliptin","DPP4","50mg","301","2026-05-01","HIRA reimbursed drug list (effective 2026-05-01), MFDS class 396; supported oral classes only"
"시글립틴엠정50/1000밀리그램","Metformin HCl + Sitagliptin","MET+DPP4","1g/50mg","377","2026-05-01","HIRA reimbursed drug list (effective 2026-05-01), MFDS class 396; supported oral classes only"
"시글립틴엠정50/500밀리그램","Metformin HCl + Sitagliptin","MET+DPP4","0.5g/50mg","371","2026-05-01","HIRA reimbursed drug list (effective 2026-05-01), MFDS class 396; supported oral classes only"
"시글립틴엠정50/850밀리그램","Metformin HCl + Sitagliptin","MET+DPP4","0.85g/50mg","371","2026-05-01","HIRA reimbursed drug list (effective 2026-05-01), MFDS class 396; supported oral classes only"
"시글립틴정100밀리그램","Sitagliptin","DPP4","0.1g","453","2026-05-01","HIRA reimbursed drug list (effective 2026-05-01), MFDS class 396; supported oral classes only"
"시글립틴정50밀리그램","Sitagliptin","DPP4","50mg","301","2026-05-01","HIRA reimbursed drug list (effective 2026-05-01), MFDS class 396; supported oral classes only"
"시누비엠엑스알서방정100/1000밀리그램","Metformin HCl + Sitagliptin","MET+DPP4","1g/0.1g","572","2026-05-01","HIRA reimbursed drug list (effective 2026-05-01), MFDS class 396; supported oral classes only"
"시누비엠엑스알서방정50/1000밀리그램","Metformin HCl + Sitagliptin","MET+DPP4","1g/50mg","420","2026-05-01","HIRA reimbursed drug list (effective 2026-05-01), MFDS class 396; supported oral classes only"
"시누비엠엑스알서방정50/500밀리그램","Metformin HCl + Sitagliptin","MET+DPP4","0.5g/50mg","381","2026-05-01","HIRA reimbursed drug list (effective 2026-05-01), MFDS class 396; supported oral classes only"
"시누비엠정50/1000밀리그램","Metformin HCl + Sitagliptin","MET+DPP4","1g/50mg","377","2026-05-01","HIRA reimbursed drug list (effective 2026-05-01), MFDS class 396; supported oral classes only"
"시누비엠정50/500밀리그램","Metformin HCl + Sitagliptin","MET+DPP4","0.5g/50mg","371","2026-05-01","HIRA reimbursed drug list (effective 2026-05-01), MFDS class 396; supported oral classes only"
"시누비엠정50/850밀리그램","Metformin HCl + Sitagliptin","MET+DPP4","0.85g/50mg","371","2026-05-01","HIRA reimbursed drug list (effective 2026-05-01), MFDS class 396; supported oral classes only"
"시누비정100밀리그램","Sitagliptin","DPP4","0.1g","453","2026-05-01","HIRA reimbursed drug list (effective 2026-05-01), MFDS class 396; supported oral classes only"
"시다프비아정10/100밀리그램","Dapagliflozin + Sitagliptin","SGLT2_DA+DPP4","10mg/0.1g","846","2026-05-01","HIRA reimbursed drug list (effective 2026-05-01), MFDS class 396; supported oral classes only"
"시다플로정10/100밀리그램","Dapagliflozin + Sitagliptin","SGLT2_DA+DPP4","10mg/0.1g","846","2026-05-01","HIRA reimbursed drug list (effective 2026-05-01), MFDS class 396; supported oral classes only"
"시답플로정10/100밀리그램","Dapagliflozin + Sitagliptin","SGLT2_DA+DPP4","10mg/0.1g","846","2026-05-01","HIRA reimbursed drug list (effective 2026-05-01), MFDS class 396; supported oral classes only"
"시디포엠서방정100/1000밀리그램","Metformin HCl + Sitagliptin","MET+DPP4","1g/0.1g","572","2026-05-01","HIRA reimbursed drug list (effective 2026-05-01), MFDS class 396; supported oral classes only"
"시디포엠서방정50/1000밀리그램","Metformin HCl + Sitagliptin","MET+DPP4","1g/50mg","420","2026-05-01","HIRA reimbursed drug list (effective 2026-05-01), MFDS class 396; supported oral classes only"
"시디포엠서방정50/500밀리그램","Metformin HCl + Sitagliptin","MET+DPP4","0.5g/50mg","381","2026-05-01","HIRA reimbursed drug list (effective 2026-05-01), MFDS class 396; supported oral classes only"
"시디포엠정50/1000밀리그램","Metformin HCl + Sitagliptin","MET+DPP4","1g/50mg","377","2026-05-01","HIRA reimbursed drug list (effective 2026-05-01), MFDS class 396; supported oral classes only"
"시디포엠정50/500밀리그램","Metformin HCl + Sitagliptin","MET+DPP4","0.5g/50mg","371","2026-05-01","HIRA reimbursed drug list (effective 2026-05-01), MFDS class 396; supported oral classes only"
"시디포엠정50/850밀리그램","Metformin HCl + Sitagliptin","MET+DPP4","0.85g/50mg","371","2026-05-01","HIRA reimbursed drug list (effective 2026-05-01), MFDS class 396; supported oral classes only"
"시디포정100밀리그램","Sitagliptin","DPP4","0.1g","453","2026-05-01","HIRA reimbursed drug list (effective 2026-05-01), MFDS class 396; supported oral classes only"
"시디포정25밀리그램","Sitagliptin","DPP4","25mg","200","2026-05-01","HIRA reimbursed drug list (effective 2026-05-01), MFDS class 396; supported oral classes only"
"시디포정50밀리그램","Sitagliptin","DPP4","50mg","301","2026-05-01","HIRA reimbursed drug list (effective 2026-05-01), MFDS class 396; supported oral classes only"
"시타그립정100밀리그램","Sitagliptin","DPP4","0.1g","453","2026-05-01","HIRA reimbursed drug list (effective 2026-05-01), MFDS class 396; supported oral classes only"
"시타그립정25밀리그램","Sitagliptin","DPP4","25mg","200","2026-05-01","HIRA reimbursed drug list (effective 2026-05-01), MFDS class 396; supported oral classes only"
"시타그립정50밀리그램","Sitagliptin","DPP4","50mg","301","2026-05-01","HIRA reimbursed drug list (effective 2026-05-01), MFDS class 396; supported oral classes only"
"시타글로정10/100밀리그램","Dapagliflozin + Sitagliptin","SGLT2_DA+DPP4","10mg/0.1g","846","2026-05-01","HIRA reimbursed drug list (effective 2026-05-01), MFDS class 396; supported oral classes only"
"시타글루틴엠정50/1000밀리그램","Metformin HCl + Sitagliptin","MET+DPP4","1g/50mg","377","2026-05-01","HIRA reimbursed drug list (effective 2026-05-01), MFDS class 396; supported oral classes only"
"시타글루틴엠정50/500밀리그램","Metformin HCl + Sitagliptin","MET+DPP4","0.5g/50mg","371","2026-05-01","HIRA reimbursed drug list (effective 2026-05-01), MFDS class 396; supported oral classes only"
"시타글루틴엠정50/850밀리그램","Metformin HCl + Sitagliptin","MET+DPP4","0.85g/50mg","371","2026-05-01","HIRA reimbursed drug list (effective 2026-05-01), MFDS class 396; supported oral classes only"
"시타글루틴정100밀리그램","Sitagliptin","DPP4","0.1g","453","2026-05-01","HIRA reimbursed drug list (effective 2026-05-01), MFDS class 396; supported oral classes only"
"시타글루틴정50밀리그램","Sitagliptin","DPP4","50mg","301","2026-05-01","HIRA reimbursed drug list (effective 2026-05-01), MFDS class 396; supported oral classes only"
"시타글리듀오엑스알서방정100/1000밀리그램","Metformin HCl + Sitagliptin","MET+DPP4","1g/0.1g","572","2026-05-01","HIRA reimbursed drug list (effective 2026-05-01), MFDS class 396; supported oral classes only"
"시타글리듀오엑스알서방정50/1000밀리그램","Metformin HCl + Sitagliptin","MET+DPP4","1g/50mg","420","2026-05-01","HIRA reimbursed drug list (effective 2026-05-01), MFDS class 396; supported oral classes only"
"시타글리듀오엑스알서방정50/500밀리그램","Metformin HCl + Sitagliptin","MET+DPP4","0.5g/50mg","381","2026-05-01","HIRA reimbursed drug list (effective 2026-05-01), MFDS class 396; supported oral classes only"
"시타글리정100밀리그램","Sitagliptin","DPP4","0.1g","453","2026-05-01","HIRA reimbursed drug list (effective 2026-05-01), MFDS class 396; supported oral classes only"
"시타글리정50밀리그램","Sitagliptin","DPP4","50mg","301","2026-05-01","HIRA reimbursed drug list (effective 2026-05-01), MFDS class 396; supported oral classes only"
"시타글립정100밀리그램","Sitagliptin","DPP4","0.1g","385","2026-05-01","HIRA reimbursed drug list (effective 2026-05-01), MFDS class 396; supported oral classes only"
"시타글립정50밀리그램","Sitagliptin","DPP4","50mg","256","2026-05-01","HIRA reimbursed drug list (effective 2026-05-01), MFDS class 396; supported oral classes only"
"시타글민듀오서방정 50/500밀리그램","Metformin HCl + Sitagliptin","MET+DPP4","0.5g/50mg","381","2026-05-01","HIRA reimbursed drug list (effective 2026-05-01), MFDS class 396; supported oral classes only"
"시타글민듀오서방정100/1000밀리그램","Metformin HCl + Sitagliptin","MET+DPP4","1g/0.1g","572","2026-05-01","HIRA reimbursed drug list (effective 2026-05-01), MFDS class 396; supported oral classes only"
"시타글민듀오서방정50/1000밀리그램","Metformin HCl + Sitagliptin","MET+DPP4","1g/50mg","420","2026-05-01","HIRA reimbursed drug list (effective 2026-05-01), MFDS class 396; supported oral classes only"
"시타글민정100밀리그램","Sitagliptin","DPP4","0.1g","453","2026-05-01","HIRA reimbursed drug list (effective 2026-05-01), MFDS class 396; supported oral classes only"
"시타글민정50밀리그램","Sitagliptin","DPP4","50mg","301","2026-05-01","HIRA reimbursed drug list (effective 2026-05-01), MFDS class 396; supported oral classes only"
"시타글엠정100밀리그램","Sitagliptin","DPP4","0.1g","453","2026-05-01","HIRA reimbursed drug list (effective 2026-05-01), MFDS class 396; supported oral classes only"
"시타글엠정25밀리그램","Sitagliptin","DPP4","25mg","200","2026-05-01","HIRA reimbursed drug list (effective 2026-05-01), MFDS class 396; supported oral classes only"
"시타글엠정50밀리그램","Sitagliptin","DPP4","50mg","301","2026-05-01","HIRA reimbursed drug list (effective 2026-05-01), MFDS class 396; supported oral classes only"
"시타다운정100밀리그램","Sitagliptin","DPP4","0.1g","453","2026-05-01","HIRA reimbursed drug list (effective 2026-05-01), MFDS class 396; supported oral classes only"
"시타다운정25밀리그램","Sitagliptin","DPP4","25mg","200","2026-05-01","HIRA reimbursed drug list (effective 2026-05-01), MFDS class 396; supported oral classes only"
"시타다운정50밀리그램","Sitagliptin","DPP4","50mg","301","2026-05-01","HIRA reimbursed drug list (effective 2026-05-01), MFDS class 396; supported oral classes only"
"시타다파엠서방정10/100/1000밀리그램","Dapagliflozin + Metformin HCl + Sitagliptin","SGLT2_DA+MET+DPP4","10mg/1g/0.1g","820","2026-05-01","HIRA reimbursed drug list (effective 2026-05-01), MFDS class 396; supported oral classes only"
"시타다파엠서방정5/50/1000밀리그램","Dapagliflozin + Metformin HCl + Sitagliptin","SGLT2_DA+MET+DPP4","5mg/1g/50mg","580","2026-05-01","HIRA reimbursed drug list (effective 2026-05-01), MFDS class 396; supported oral classes only"
"시타다파정10/100밀리그램","Dapagliflozin + Sitagliptin","SGLT2_DA+DPP4","10mg/0.1g","799","2026-05-01","HIRA reimbursed drug list (effective 2026-05-01), MFDS class 396; supported oral classes only"
"시타듀얼엑스알서방정100/1000밀리그램","Metformin HCl + Sitagliptin","MET+DPP4","1g/0.1g","572","2026-05-01","HIRA reimbursed drug list (effective 2026-05-01), MFDS class 396; supported oral classes only"
"시타듀얼엑스알서방정50/1000밀리그램","Metformin HCl + Sitagliptin","MET+DPP4","1g/50mg","420","2026-05-01","HIRA reimbursed drug list (effective 2026-05-01), MFDS class 396; supported oral classes only"
"시타듀얼엑스알서방정50/500밀리그램","Metformin HCl + Sitagliptin","MET+DPP4","0.5g/50mg","381","2026-05-01","HIRA reimbursed drug list (effective 2026-05-01), MFDS class 396; supported oral classes only"
"시타듀얼정50/1000밀리그램","Metformin HCl + Sitagliptin","MET+DPP4","1g/50mg","377","2026-05-01","HIRA reimbursed drug list (effective 2026-05-01), MFDS class 396; supported oral classes only"
"시타듀얼정50/500밀리그램","Metformin HCl + Sitagliptin","MET+DPP4","0.5g/50mg","371","2026-05-01","HIRA reimbursed drug list (effective 2026-05-01), MFDS class 396; supported oral classes only"
"시타듀얼정50/850밀리그램","Metformin HCl + Sitagliptin","MET+DPP4","0.85g/50mg","371","2026-05-01","HIRA reimbursed drug list (effective 2026-05-01), MFDS class 396; supported oral classes only"
"시타디온정100/15밀리그램","Pioglitazone + Sitagliptin","TZD+DPP4","15mg/0.1g","1101","2026-05-01","HIRA reimbursed drug list (effective 2026-05-01), MFDS class 396; supported oral classes only"
"시타디온정100/30밀리그램","Pioglitazone + Sitagliptin","TZD+DPP4","30mg/0.1g","1393","2026-05-01","HIRA reimbursed drug list (effective 2026-05-01), MFDS class 396; supported oral classes only"
"시타렌듀오정50/1000밀리그램","Metformin HCl + Sitagliptin","MET+DPP4","1g/50mg","377","2026-05-01","HIRA reimbursed drug list (effective 2026-05-01), MFDS class 396; supported oral classes only"
"시타렌듀오정50/500밀리그램","Metformin HCl + Sitagliptin","MET+DPP4","0.5g/50mg","371","2026-05-01","HIRA reimbursed drug list (effective 2026-05-01), MFDS class 396; supported oral classes only"
"시타렌듀오정50/850밀리그램","Metformin HCl + Sitagliptin","MET+DPP4","0.85g/50mg","371","2026-05-01","HIRA reimbursed drug list (effective 2026-05-01), MFDS class 396; supported oral classes only"
"시타렌정100밀리그램","Sitagliptin","DPP4","0.1g","453","2026-05-01","HIRA reimbursed drug list (effective 2026-05-01), MFDS class 396; supported oral classes only"
"시타렌정25밀리그램","Sitagliptin","DPP4","25mg","200","2026-05-01","HIRA reimbursed drug list (effective 2026-05-01), MFDS class 396; supported oral classes only"
"시타렌정50밀리그램","Sitagliptin","DPP4","50mg","301","2026-05-01","HIRA reimbursed drug list (effective 2026-05-01), MFDS class 396; supported oral classes only"
"시타로엠서방정100/1000밀리그램","Metformin HCl + Sitagliptin","MET+DPP4","1g/0.1g","572","2026-05-01","HIRA reimbursed drug list (effective 2026-05-01), MFDS class 396; supported oral classes only"
"시타로엠서방정50/1000밀리그램","Metformin HCl + Sitagliptin","MET+DPP4","1g/50mg","420","2026-05-01","HIRA reimbursed drug list (effective 2026-05-01), MFDS class 396; supported oral classes only"
"시타로엠서방정50/500밀리그램","Metformin HCl + Sitagliptin","MET+DPP4","0.5g/50mg","381","2026-05-01","HIRA reimbursed drug list (effective 2026-05-01), MFDS class 396; supported oral classes only"
"시타로엠정50/1000밀리그램","Metformin HCl + Sitagliptin","MET+DPP4","1g/50mg","377","2026-05-01","HIRA reimbursed drug list (effective 2026-05-01), MFDS class 396; supported oral classes only"
"시타로엠정50/500밀리그램","Metformin HCl + Sitagliptin","MET+DPP4","0.5g/50mg","371","2026-05-01","HIRA reimbursed drug list (effective 2026-05-01), MFDS class 396; supported oral classes only"
"시타로엠정50/850밀리그램","Metformin HCl + Sitagliptin","MET+DPP4","0.85g/50mg","371","2026-05-01","HIRA reimbursed drug list (effective 2026-05-01), MFDS class 396; supported oral classes only"
"시타루틴듀오서방정100/1000밀리그램","Metformin HCl + Sitagliptin","MET+DPP4","1g/0.1g","572","2026-05-01","HIRA reimbursed drug list (effective 2026-05-01), MFDS class 396; supported oral classes only"
"시타루틴듀오서방정50/1000밀리그램","Metformin HCl + Sitagliptin","MET+DPP4","1g/50mg","420","2026-05-01","HIRA reimbursed drug list (effective 2026-05-01), MFDS class 396; supported oral classes only"
"시타루틴듀오서방정50/500밀리그램","Metformin HCl + Sitagliptin","MET+DPP4","0.5g/50mg","381","2026-05-01","HIRA reimbursed drug list (effective 2026-05-01), MFDS class 396; supported oral classes only"
"시타루틴듀오정50/1000밀리그램","Metformin HCl + Sitagliptin","MET+DPP4","1g/50mg","377","2026-05-01","HIRA reimbursed drug list (effective 2026-05-01), MFDS class 396; supported oral classes only"
"시타루틴듀오정50/500밀리그램","Metformin HCl + Sitagliptin","MET+DPP4","0.5g/50mg","371","2026-05-01","HIRA reimbursed drug list (effective 2026-05-01), MFDS class 396; supported oral classes only"
"시타루틴듀오정50/850밀리그램","Metformin HCl + Sitagliptin","MET+DPP4","0.85g/50mg","371","2026-05-01","HIRA reimbursed drug list (effective 2026-05-01), MFDS class 396; supported oral classes only"
"시타루틴정100밀리그램","Sitagliptin","DPP4","0.1g","453","2026-05-01","HIRA reimbursed drug list (effective 2026-05-01), MFDS class 396; supported oral classes only"
"시타루틴정25밀리그램","Sitagliptin","DPP4","25mg","200","2026-05-01","HIRA reimbursed drug list (effective 2026-05-01), MFDS class 396; supported oral classes only"
"시타루틴정50밀리그램","Sitagliptin","DPP4","50mg","301","2026-05-01","HIRA reimbursed drug list (effective 2026-05-01), MFDS class 396; supported oral classes only"
"시타리진정10/100밀리그램","Dapagliflozin + Sitagliptin","SGLT2_DA+DPP4","10mg/0.1g","846","2026-05-01","HIRA reimbursed drug list (effective 2026-05-01), MFDS class 396; supported oral classes only"
"시타메트엑스알서방정100/1000밀리그램","Metformin HCl + Sitagliptin","MET+DPP4","1g/0.1g","572","2026-05-01","HIRA reimbursed drug list (effective 2026-05-01), MFDS class 396; supported oral classes only"
"시타메트엑스알서방정50/1000밀리그램","Metformin HCl + Sitagliptin","MET+DPP4","1g/50mg","420","2026-05-01","HIRA reimbursed drug list (effective 2026-05-01), MFDS class 396; supported oral classes only"
"시타메트엑스알서방정50/500밀리그램","Metformin HCl + Sitagliptin","MET+DPP4","0.5g/50mg","381","2026-05-01","HIRA reimbursed drug list (effective 2026-05-01), MFDS class 396; supported oral classes only"
"시타메포정50/500밀리그램","Metformin HCl + Sitagliptin","MET+DPP4","0.5g/50mg","371","2026-05-01","HIRA reimbursed drug list (effective 2026-05-01), MFDS class 396; supported oral classes only"
"시타모노정100밀리그램","Sitagliptin","DPP4","0.1g","453","2026-05-01","HIRA reimbursed drug list (effective 2026-05-01), MFDS class 396; supported oral classes only"
"시타비앙듀오엑스알서방정100/1000밀리그램","Metformin HCl + Sitagliptin","MET+DPP4","1g/0.1g","572","2026-05-01","HIRA reimbursed drug list (effective 2026-05-01), MFDS class 396; supported oral classes only"
"시타비앙듀오엑스알서방정50/1000밀리그램","Metformin HCl + Sitagliptin","MET+DPP4","1g/50mg","420","2026-05-01","HIRA reimbursed drug list (effective 2026-05-01), MFDS class 396; supported oral classes only"
"시타비앙듀오엑스알서방정50/500밀리그램","Metformin HCl + Sitagliptin","MET+DPP4","0.5g/50mg","381","2026-05-01","HIRA reimbursed drug list (effective 2026-05-01), MFDS class 396; supported oral classes only"
"시타비앙듀오정50/1000밀리그램","Metformin HCl + Sitagliptin","MET+DPP4","1g/50mg","377","2026-05-01","HIRA reimbursed drug list (effective 2026-05-01), MFDS class 396; supported oral classes only"
"시타비앙듀오정50/500밀리그램","Metformin HCl + Sitagliptin","MET+DPP4","0.5g/50mg","371","2026-05-01","HIRA reimbursed drug list (effective 2026-05-01), MFDS class 396; supported oral classes only"
"시타비앙듀오정50/850밀리그램","Metformin HCl + Sitagliptin","MET+DPP4","0.85g/50mg","371","2026-05-01","HIRA reimbursed drug list (effective 2026-05-01), MFDS class 396; supported oral classes only"
"시타비앙정100밀리그램","Sitagliptin","DPP4","0.1g","453","2026-05-01","HIRA reimbursed drug list (effective 2026-05-01), MFDS class 396; supported oral classes only"
"시타비앙정25밀리그램","Sitagliptin","DPP4","25mg","200","2026-05-01","HIRA reimbursed drug list (effective 2026-05-01), MFDS class 396; supported oral classes only"
"시타비앙정50밀리그램","Sitagliptin","DPP4","50mg","301","2026-05-01","HIRA reimbursed drug list (effective 2026-05-01), MFDS class 396; supported oral classes only"
"시타싱글정100밀리그램","Sitagliptin","DPP4","0.1g","453","2026-05-01","HIRA reimbursed drug list (effective 2026-05-01), MFDS class 396; supported oral classes only"
"시타싱글정25밀리그램","Sitagliptin","DPP4","25mg","200","2026-05-01","HIRA reimbursed drug list (effective 2026-05-01), MFDS class 396; supported oral classes only"
"시타싱글정50밀리그램","Sitagliptin","DPP4","50mg","301","2026-05-01","HIRA reimbursed drug list (effective 2026-05-01), MFDS class 396; supported oral classes only"
"시타액트정100/15밀리그램","Pioglitazone + Sitagliptin","TZD+DPP4","15mg/0.1g","1101","2026-05-01","HIRA reimbursed drug list (effective 2026-05-01), MFDS class 396; supported oral classes only"
"시타액트정100/30밀리그램","Pioglitazone + Sitagliptin","TZD+DPP4","30mg/0.1g","1393","2026-05-01","HIRA reimbursed drug list (effective 2026-05-01), MFDS class 396; supported oral classes only"
"시타엑스정100밀리그램","Sitagliptin","DPP4","0.1g","453","2026-05-01","HIRA reimbursed drug list (effective 2026-05-01), MFDS class 396; supported oral classes only"
"시타엑스정50밀리그램","Sitagliptin","DPP4","50mg","301","2026-05-01","HIRA reimbursed drug list (effective 2026-05-01), MFDS class 396; supported oral classes only"
"시타엠다파정10/100밀리그램","Dapagliflozin + Sitagliptin","SGLT2_DA+DPP4","10mg/0.1g","846","2026-05-01","HIRA reimbursed drug list (effective 2026-05-01), MFDS class 396; supported oral classes only"
"시타원듀오정10/100밀리그램","Dapagliflozin + Sitagliptin","SGLT2_DA+DPP4","10mg/0.1g","846","2026-05-01","HIRA reimbursed drug list (effective 2026-05-01), MFDS class 396; supported oral classes only"
"시타원정100밀리그램","Sitagliptin","DPP4","0.1g","453","2026-05-01","HIRA reimbursed drug list (effective 2026-05-01), MFDS class 396; supported oral classes only"
"시타원정25밀리그램","Sitagliptin","DPP4","25mg","200","2026-05-01","HIRA reimbursed drug list (effective 2026-05-01), MFDS class 396; supported oral classes only"
"시타원정50밀리그램","Sitagliptin","DPP4","50mg","301","2026-05-01","HIRA reimbursed drug list (effective 2026-05-01), MFDS class 396; supported oral classes only"
"시타원플러스엑스알서방정100/1000밀리그램","Metformin HCl + Sitagliptin","MET+DPP4","1g/0.1g","572","2026-05-01","HIRA reimbursed drug list (effective 2026-05-01), MFDS class 396; supported oral classes only"
"시타원플러스엑스알서방정50/1000밀리그램","Metformin HCl + Sitagliptin","MET+DPP4","1g/50mg","420","2026-05-01","HIRA reimbursed drug list (effective 2026-05-01), MFDS class 396; supported oral classes only"
"시타원플러스엑스알서방정50/500밀리그램","Metformin HCl + Sitagliptin","MET+DPP4","0.5g/50mg","381","2026-05-01","HIRA reimbursed drug list (effective 2026-05-01), MFDS class 396; supported oral classes only"
"시타원플러스정50/1000밀리그램","Metformin HCl + Sitagliptin","MET+DPP4","1g/50mg","377","2026-05-01","HIRA reimbursed drug list (effective 2026-05-01), MFDS class 396; supported oral classes only"
"시타원플러스정50/500밀리그램","Metformin HCl + Sitagliptin","MET+DPP4","0.5g/50mg","371","2026-05-01","HIRA reimbursed drug list (effective 2026-05-01), MFDS class 396; supported oral classes only"
"시타원플러스정50/850밀리그램","Metformin HCl + Sitagliptin","MET+DPP4","0.85g/50mg","371","2026-05-01","HIRA reimbursed drug list (effective 2026-05-01), MFDS class 396; supported oral classes only"
"시타유니듀오정50/1000밀리그램","Metformin HCl + Sitagliptin","MET+DPP4","1g/50mg","377","2026-05-01","HIRA reimbursed drug list (effective 2026-05-01), MFDS class 396; supported oral classes only"
"시타유니듀오정50/500밀리그램","Metformin HCl + Sitagliptin","MET+DPP4","0.5g/50mg","371","2026-05-01","HIRA reimbursed drug list (effective 2026-05-01), MFDS class 396; supported oral classes only"
"시타유니듀오정50/850밀리그램","Metformin HCl + Sitagliptin","MET+DPP4","0.85g/50mg","371","2026-05-01","HIRA reimbursed drug list (effective 2026-05-01), MFDS class 396; supported oral classes only"
"시타유니정100밀리그램","Sitagliptin","DPP4","0.1g","453","2026-05-01","HIRA reimbursed drug list (effective 2026-05-01), MFDS class 396; supported oral classes only"
"시타유니정25밀리그램","Sitagliptin","DPP4","25mg","200","2026-05-01","HIRA reimbursed drug list (effective 2026-05-01), MFDS class 396; supported oral classes only"
"시타유니정50밀리그램","Sitagliptin","DPP4","50mg","301","2026-05-01","HIRA reimbursed drug list (effective 2026-05-01), MFDS class 396; supported oral classes only"
"시타정100밀리그램","Sitagliptin","DPP4","0.1g","453","2026-05-01","HIRA reimbursed drug list (effective 2026-05-01), MFDS class 396; supported oral classes only"
"시타정50밀리그램","Sitagliptin","DPP4","50mg","301","2026-05-01","HIRA reimbursed drug list (effective 2026-05-01), MFDS class 396; supported oral classes only"
"시타칸다플메트서방정10/100/1000밀리그램","Dapagliflozin + Metformin HCl + Sitagliptin","SGLT2_DA+MET+DPP4","10mg/1g/0.1g","820","2026-05-01","HIRA reimbursed drug list (effective 2026-05-01), MFDS class 396; supported oral classes only"
"시타칸다플메트서방정5/50/1000밀리그램","Dapagliflozin + Metformin HCl + Sitagliptin","SGLT2_DA+MET+DPP4","5mg/1g/50mg","580","2026-05-01","HIRA reimbursed drug list (effective 2026-05-01), MFDS class 396; supported oral classes only"
"시타칸다플정10/100밀리그램","Dapagliflozin + Sitagliptin","SGLT2_DA+DPP4","10mg/0.1g","846","2026-05-01","HIRA reimbursed drug list (effective 2026-05-01), MFDS class 396; supported oral classes only"
"시타칸메트서방정100/1000밀리그램","Metformin HCl + Sitagliptin","MET+DPP4","1g/0.1g","572","2026-05-01","HIRA reimbursed drug list (effective 2026-05-01), MFDS class 396; supported oral classes only"
"시타칸메트서방정50/1000밀리그램","Metformin HCl + Sitagliptin","MET+DPP4","1g/50mg","420","2026-05-01","HIRA reimbursed drug list (effective 2026-05-01), MFDS class 396; supported oral classes only"
"시타칸메트서방정50/500밀리그램","Metformin HCl + Sitagliptin","MET+DPP4","0.5g/50mg","381","2026-05-01","HIRA reimbursed drug list (effective 2026-05-01), MFDS class 396; supported oral classes only"
"시타칸메트정50/1000밀리그램","Metformin HCl + Sitagliptin","MET+DPP4","1g/50mg","377","2026-05-01","HIRA reimbursed drug list (effective 2026-05-01), MFDS class 396; supported oral classes only"
"시타칸메트정50/500밀리그램","Metformin HCl + Sitagliptin","MET+DPP4","0.5g/50mg","371","2026-05-01","HIRA reimbursed drug list (effective 2026-05-01), MFDS class 396; supported oral classes only"
"시타칸메트정50/850밀리그램","Metformin HCl + Sitagliptin","MET+DPP4","0.85g/50mg","371","2026-05-01","HIRA reimbursed drug list (effective 2026-05-01), MFDS class 396; supported oral classes only"
"시타칸정100밀리그램","Sitagliptin","DPP4","0.1g","453","2026-05-01","HIRA reimbursed drug list (effective 2026-05-01), MFDS class 396; supported oral classes only"
"시타칸정25밀리그램","Sitagliptin","DPP4","25mg","200","2026-05-01","HIRA reimbursed drug list (effective 2026-05-01), MFDS class 396; supported oral classes only"
"시타칸정50밀리그램","Sitagliptin","DPP4","50mg","301","2026-05-01","HIRA reimbursed drug list (effective 2026-05-01), MFDS class 396; supported oral classes only"
"시타콤비엑스알서방정100/1000밀리그램","Metformin HCl + Sitagliptin","MET+DPP4","1g/0.1g","572","2026-05-01","HIRA reimbursed drug list (effective 2026-05-01), MFDS class 396; supported oral classes only"
"시타콤비엑스알서방정50/1000밀리그램","Metformin HCl + Sitagliptin","MET+DPP4","1g/50mg","420","2026-05-01","HIRA reimbursed drug list (effective 2026-05-01), MFDS class 396; supported oral classes only"
"시타콤비엑스알서방정50/500밀리그램","Metformin HCl + Sitagliptin","MET+DPP4","0.5g/50mg","381","2026-05-01","HIRA reimbursed drug list (effective 2026-05-01), MFDS class 396; supported oral classes only"
"시타콤비정50/1000밀리그램","Metformin HCl + Sitagliptin","MET+DPP4","1g/50mg","377","2026-05-01","HIRA reimbursed drug list (effective 2026-05-01), MFDS class 396; supported oral classes only"
"시타콤비정50/500밀리그램","Metformin HCl + Sitagliptin","MET+DPP4","0.5g/50mg","371","2026-05-01","HIRA reimbursed drug list (effective 2026-05-01), MFDS class 396; supported oral classes only"
"시타콤비정50/850밀리그램","Metformin HCl + Sitagliptin","MET+DPP4","0.85g/50mg","371","2026-05-01","HIRA reimbursed drug list (effective 2026-05-01), MFDS class 396; supported oral classes only"
"시타티딘듀오엑스알서방정100/1000밀리그램","Metformin HCl + Sitagliptin","MET+DPP4","1g/0.1g","572","2026-05-01","HIRA reimbursed drug list (effective 2026-05-01), MFDS class 396; supported oral classes only"
"시타티딘듀오엑스알서방정50/1000밀리그램","Metformin HCl + Sitagliptin","MET+DPP4","1g/50mg","420","2026-05-01","HIRA reimbursed drug list (effective 2026-05-01), MFDS class 396; supported oral classes only"
"시타티딘듀오엑스알서방정50/500밀리그램","Metformin HCl + Sitagliptin","MET+DPP4","0.5g/50mg","381","2026-05-01","HIRA reimbursed drug list (effective 2026-05-01), MFDS class 396; supported oral classes only"
"시타티딘듀오정50/1000밀리그램","Metformin HCl + Sitagliptin","MET+DPP4","1g/50mg","377","2026-05-01","HIRA reimbursed drug list (effective 2026-05-01), MFDS class 396; supported oral classes only"
"시타티딘듀오정50/500밀리그램","Metformin HCl + Sitagliptin","MET+DPP4","0.5g/50mg","371","2026-05-01","HIRA reimbursed drug list (effective 2026-05-01), MFDS class 396; supported oral classes only"
"시타티딘듀오정50/850밀리그램","Metformin HCl + Sitagliptin","MET+DPP4","0.85g/50mg","371","2026-05-01","HIRA reimbursed drug list (effective 2026-05-01), MFDS class 396; supported oral classes only"
"시타티딘정100밀리그램","Sitagliptin","DPP4","0.1g","453","2026-05-01","HIRA reimbursed drug list (effective 2026-05-01), MFDS class 396; supported oral classes only"
"시타티딘정25밀리그램","Sitagliptin","DPP4","25mg","200","2026-05-01","HIRA reimbursed drug list (effective 2026-05-01), MFDS class 396; supported oral classes only"
"시타티딘정50밀리그램","Sitagliptin","DPP4","50mg","301","2026-05-01","HIRA reimbursed drug list (effective 2026-05-01), MFDS class 396; supported oral classes only"
"시타틴알파정100밀리그램","Sitagliptin","DPP4","0.1g","453","2026-05-01","HIRA reimbursed drug list (effective 2026-05-01), MFDS class 396; supported oral classes only"
"시타틴알파정50밀리그램","Sitagliptin","DPP4","50mg","301","2026-05-01","HIRA reimbursed drug list (effective 2026-05-01), MFDS class 396; supported oral classes only"
"시타포글리정10/100밀리그램","Dapagliflozin + Sitagliptin","SGLT2_DA+DPP4","10mg/0.1g","846","2026-05-01","HIRA reimbursed drug list (effective 2026-05-01), MFDS class 396; supported oral classes only"
"시타포민알파정50/1000mg","Metformin HCl + Sitagliptin","MET+DPP4","1g/50mg","377","2026-05-01","HIRA reimbursed drug list (effective 2026-05-01), MFDS class 396; supported oral classes only"
"시타포민알파정50/500mg","Metformin HCl + Sitagliptin","MET+DPP4","0.5g/50mg","371","2026-05-01","HIRA reimbursed drug list (effective 2026-05-01), MFDS class 396; supported oral classes only"
"시타포민알파정50/850mg","Metformin HCl + Sitagliptin","MET+DPP4","0.85g/50mg","371","2026-05-01","HIRA reimbursed drug list (effective 2026-05-01), MFDS class 396; supported oral classes only"
"시타포민엑스알서방정100/1000밀리그램","Metformin HCl + Sitagliptin","MET+DPP4","1g/0.1g","572","2026-05-01","HIRA reimbursed drug list (effective 2026-05-01), MFDS class 396; supported oral classes only"
"시타포민엑스알서방정50/1000밀리그램","Metformin HCl + Sitagliptin","MET+DPP4","1g/50mg","420","2026-05-01","HIRA reimbursed drug list (effective 2026-05-01), MFDS class 396; supported oral classes only"
"시타포민엑스알서방정50/500밀리그램","Metformin HCl + Sitagliptin","MET+DPP4","0.5g/50mg","381","2026-05-01","HIRA reimbursed drug list (effective 2026-05-01), MFDS class 396; supported oral classes only"
"시타폴민엑스알서방정100/1000밀리그램","Metformin HCl + Sitagliptin","MET+DPP4","1g/0.1g","572","2026-05-01","HIRA reimbursed drug list (effective 2026-05-01), MFDS class 396; supported oral classes only"
"시타폴민엑스알서방정50/1000밀리그램","Metformin HCl + Sitagliptin","MET+DPP4","1g/50mg","420","2026-05-01","HIRA reimbursed drug list (effective 2026-05-01), MFDS class 396; supported oral classes only"
"시타폴민엑스알서방정50/500밀리그램","Metformin HCl + Sitagliptin","MET+DPP4","0.5g/50mg","381","2026-05-01","HIRA reimbursed drug list (effective 2026-05-01), MFDS class 396; supported oral classes only"
"시타폴민정50/1000밀리그램","Metformin HCl + Sitagliptin","MET+DPP4","1g/50mg","410","2026-05-01","HIRA reimbursed drug list (effective 2026-05-01), MFDS class 396; supported oral classes only"
"시타폴민정50/500밀리그램","Metformin HCl + Sitagliptin","MET+DPP4","0.5g/50mg","385","2026-05-01","HIRA reimbursed drug list (effective 2026-05-01), MFDS class 396; supported oral classes only"
"시타폴민정50/850밀리그램","Metformin HCl + Sitagliptin","MET+DPP4","0.85g/50mg","403","2026-05-01","HIRA reimbursed drug list (effective 2026-05-01), MFDS class 396; supported oral classes only"
"시타폴엠엑스알서방정100/1000밀리그램","Metformin HCl + Sitagliptin","MET+DPP4","1g/0.1g","572","2026-05-01","HIRA reimbursed drug list (effective 2026-05-01), MFDS class 396; supported oral classes only"
"시타폴엠엑스알서방정50/1000밀리그램","Metformin HCl + Sitagliptin","MET+DPP4","1g/50mg","420","2026-05-01","HIRA reimbursed drug list (effective 2026-05-01), MFDS class 396; supported oral classes only"
"시타폴엠엑스알서방정50/500밀리그램","Metformin HCl + Sitagliptin","MET+DPP4","0.5g/50mg","381","2026-05-01","HIRA reimbursed drug list (effective 2026-05-01), MFDS class 396; supported oral classes only"
"시타폴엠정50/1000밀리그램","Metformin HCl + Sitagliptin","MET+DPP4","1g/50mg","377","2026-05-01","HIRA reimbursed drug list (effective 2026-05-01), MFDS class 396; supported oral classes only"
"시타폴엠정50/500밀리그램","Metformin HCl + Sitagliptin","MET+DPP4","0.5g/50mg","371","2026-05-01","HIRA reimbursed drug list (effective 2026-05-01), MFDS class 396; supported oral classes only"
"시타폴엠정50/850밀리그램","Metformin HCl + Sitagliptin","MET+DPP4","0.85g/50mg","371","2026-05-01","HIRA reimbursed drug list (effective 2026-05-01), MFDS class 396; supported oral classes only"
"시타플러스서방정100/1000밀리그램","Metformin HCl + Sitagliptin","MET+DPP4","1g/0.1g","572","2026-05-01","HIRA reimbursed drug list (effective 2026-05-01), MFDS class 396; supported oral classes only"
"시타플러스서방정50/1000밀리그램","Metformin HCl + Sitagliptin","MET+DPP4","1g/50mg","420","2026-05-01","HIRA reimbursed drug list (effective 2026-05-01), MFDS class 396; supported oral classes only"
"시타플러스서방정50/500밀리그램","Metformin HCl + Sitagliptin","MET+DPP4","0.5g/50mg","381","2026-05-01","HIRA reimbursed drug list (effective 2026-05-01), MFDS class 396; supported oral classes only"
"시타플러스정50/1000밀리그램","Metformin HCl + Sitagliptin","MET+DPP4","1g/50mg","377","2026-05-01","HIRA reimbursed drug list (effective 2026-05-01), MFDS class 396; supported oral classes only"
"시타플러스정50/500밀리그램","Metformin HCl + Sitagliptin","MET+DPP4","0.5g/50mg","371","2026-05-01","HIRA reimbursed drug list (effective 2026-05-01), MFDS class 396; supported oral classes only"
"시타플러스정50/850밀리그램","Metformin HCl + Sitagliptin","MET+DPP4","0.85g/50mg","371","2026-05-01","HIRA reimbursed drug list (effective 2026-05-01), MFDS class 396; supported oral classes only"
"시타플로진메트서방정10/100/1000밀리그램","Dapagliflozin + Metformin HCl + Sitagliptin","SGLT2_DA+MET+DPP4","10mg/1g/0.1g","965","2026-05-01","HIRA reimbursed drug list (effective 2026-05-01), MFDS class 396; supported oral classes only"
"시타플로진메트서방정5/50/1000밀리그램","Dapagliflozin + Metformin HCl + Sitagliptin","SGLT2_DA+MET+DPP4","5mg/1g/50mg","682","2026-05-01","HIRA reimbursed drug list (effective 2026-05-01), MFDS class 396; supported oral classes only"
"시타플로진정10/100밀리그램","Dapagliflozin + Sitagliptin","SGLT2_DA+DPP4","10mg/0.1g","846","2026-05-01","HIRA reimbursed drug list (effective 2026-05-01), MFDS class 396; supported oral classes only"
"시타피오정100/15밀리그램","Pioglitazone + Sitagliptin","TZD+DPP4","15mg/0.1g","1101","2026-05-01","HIRA reimbursed drug list (effective 2026-05-01), MFDS class 396; supported oral classes only"
"시타피오정100/30밀리그램","Pioglitazone + Sitagliptin","TZD+DPP4","30mg/0.1g","1393","2026-05-01","HIRA reimbursed drug list (effective 2026-05-01), MFDS class 396; supported oral classes only"
"시트디엠메트서방정100/1000밀리그램","Metformin HCl + Sitagliptin","MET+DPP4","1g/0.1g","572","2026-05-01","HIRA reimbursed drug list (effective 2026-05-01), MFDS class 396; supported oral classes only"
"시트디엠메트서방정50/1000밀리그램","Metformin HCl + Sitagliptin","MET+DPP4","1g/50mg","420","2026-05-01","HIRA reimbursed drug list (effective 2026-05-01), MFDS class 396; supported oral classes only"
"시트디엠메트서방정50/500밀리그램","Metformin HCl + Sitagliptin","MET+DPP4","0.5g/50mg","381","2026-05-01","HIRA reimbursed drug list (effective 2026-05-01), MFDS class 396; supported oral classes only"
"시트디엠메트정50/1000밀리그램","Metformin HCl + Sitagliptin","MET+DPP4","1g/50mg","377","2026-05-01","HIRA reimbursed drug list (effective 2026-05-01), MFDS class 396; supported oral classes only"
"시트디엠메트정50/500밀리그램","Metformin HCl + Sitagliptin","MET+DPP4","0.5g/50mg","371","2026-05-01","HIRA reimbursed drug list (effective 2026-05-01), MFDS class 396; supported oral classes only"
"시트디엠메트정50/850밀리그램","Metformin HCl + Sitagliptin","MET+DPP4","0.85g/50mg","371","2026-05-01","HIRA reimbursed drug list (effective 2026-05-01), MFDS class 396; supported oral classes only"
"시트디엠정100밀리그램","Sitagliptin","DPP4","0.1g","453","2026-05-01","HIRA reimbursed drug list (effective 2026-05-01), MFDS class 396; supported oral classes only"
"시트디엠정50밀리그램","Sitagliptin","DPP4","50mg","301","2026-05-01","HIRA reimbursed drug list (effective 2026-05-01), MFDS class 396; supported oral classes only"
"실다파엠서방정5/50/1000밀리그램","Dapagliflozin + Metformin HCl + Sitagliptin","SGLT2_DA+MET+DPP4","5mg/1g/50mg","682","2026-05-01","HIRA reimbursed drug list (effective 2026-05-01), MFDS class 396; supported oral classes only"
"실다파엠서방정5/50/500밀리그램","Dapagliflozin + Metformin HCl + Sitagliptin","SGLT2_DA+MET+DPP4","5mg/0.5g/50mg","633","2026-05-01","HIRA reimbursed drug list (effective 2026-05-01), MFDS class 396; supported oral classes only"
"실다파엠서방정5/50/750밀리그램","Dapagliflozin + Metformin HCl + Sitagliptin","SGLT2_DA+MET+DPP4","5mg/0.75g/50mg","633","2026-05-01","HIRA reimbursed drug list (effective 2026-05-01), MFDS class 396; supported oral classes only"
"실다파정10/100밀리그램","Dapagliflozin + Sitagliptin","SGLT2_DA+DPP4","10mg/0.1g","846","2026-05-01","HIRA reimbursed drug list (effective 2026-05-01), MFDS class 396; supported oral classes only"
"씨토스정","Pioglitazone","TZD","15mg","551","2026-05-01","HIRA reimbursed drug list (effective 2026-05-01), MFDS class 396; supported oral classes only"
"씨티릴정","Glimepiride","SU","2mg","157","2026-05-01","HIRA reimbursed drug list (effective 2026-05-01), MFDS class 396; supported oral classes only"
"아그릴정2밀리그램","Glimepiride","SU","2mg","114","2026-05-01","HIRA reimbursed drug list (effective 2026-05-01), MFDS class 396; supported oral classes only"
"아로밀엠정2/500밀리그램","Glimepiride + Metformin HCl","SU+MET","2mg/0.5g","197","2026-05-01","HIRA reimbursed drug list (effective 2026-05-01), MFDS class 396; supported oral classes only"
"아로밀정","Glimepiride","SU","2mg","185","2026-05-01","HIRA reimbursed drug list (effective 2026-05-01), MFDS class 396; supported oral classes only"
"아마그린정2밀리그람","Glimepiride","SU","2mg","185","2026-05-01","HIRA reimbursed drug list (effective 2026-05-01), MFDS class 396; supported oral classes only"
"아마디엠정","Glimepiride","SU","2mg","157","2026-05-01","HIRA reimbursed drug list (effective 2026-05-01), MFDS class 396; supported oral classes only"
"아마리아엠정2/500밀리그램","Glimepiride + Metformin HCl","SU+MET","2mg/0.5g","197","2026-05-01","HIRA reimbursed drug list (effective 2026-05-01), MFDS class 396; supported oral classes only"
"아마리아정","Glimepiride","SU","2mg","157","2026-05-01","HIRA reimbursed drug list (effective 2026-05-01), MFDS class 396; supported oral classes only"
"아마릴-멕스서방정2/500밀리그램","Glimepiride + Metformin HCl","SU+MET","2mg/0.5g","290","2026-05-01","HIRA reimbursed drug list (effective 2026-05-01), MFDS class 396; supported oral classes only"
"아마릴엠정1/250밀리그람","Glimepiride + Metformin HCl","SU+MET","1mg/0.25g","132","2026-05-01","HIRA reimbursed drug list (effective 2026-05-01), MFDS class 396; supported oral classes only"
"아마릴엠정1/500밀리그램","Glimepiride + Metformin HCl","SU+MET","1mg/0.5g","168","2026-05-01","HIRA reimbursed drug list (effective 2026-05-01), MFDS class 396; supported oral classes only"
"아마릴엠정2/500밀리그람","Glimepiride + Metformin HCl","SU+MET","2mg/0.5g","197","2026-05-01","HIRA reimbursed drug list (effective 2026-05-01), MFDS class 396; supported oral classes only"
"아마릴정1밀리그람","Glimepiride","SU","1mg","124","2026-05-01","HIRA reimbursed drug list (effective 2026-05-01), MFDS class 396; supported oral classes only"
"아마릴정2밀리그람","Glimepiride","SU","2mg","183","2026-05-01","HIRA reimbursed drug list (effective 2026-05-01), MFDS class 396; supported oral classes only"
"아마릴정4밀리그람","Glimepiride","SU","4mg","283","2026-05-01","HIRA reimbursed drug list (effective 2026-05-01), MFDS class 396; supported oral classes only"
"아마정","Glimepiride","SU","2mg","157","2026-05-01","HIRA reimbursed drug list (effective 2026-05-01), MFDS class 396; supported oral classes only"
"아마필정","Glimepiride","SU","2mg","185","2026-05-01","HIRA reimbursed drug list (effective 2026-05-01), MFDS class 396; supported oral classes only"
"아메리드엠정2/500밀리그램","Glimepiride + Metformin HCl","SU+MET","2mg/0.5g","197","2026-05-01","HIRA reimbursed drug list (effective 2026-05-01), MFDS class 396; supported oral classes only"
"아메리드정","Glimepiride","SU","2mg","185","2026-05-01","HIRA reimbursed drug list (effective 2026-05-01), MFDS class 396; supported oral classes only"
"아모린정","Glimepiride","SU","2mg","185","2026-05-01","HIRA reimbursed drug list (effective 2026-05-01), MFDS class 396; supported oral classes only"
"아베린엠정2/500밀리그램","Glimepiride + Metformin HCl","SU+MET","2mg/0.5g","197","2026-05-01","HIRA reimbursed drug list (effective 2026-05-01), MFDS class 396; supported oral classes only"
"아베린정4밀리그램","Glimepiride","SU","4mg","261","2026-05-01","HIRA reimbursed drug list (effective 2026-05-01), MFDS class 396; supported oral classes only"
"아토스정15밀리그램","Pioglitazone","TZD","15mg","422","2026-05-01","HIRA reimbursed drug list (effective 2026-05-01), MFDS class 396; supported oral classes only"
"아포민정","Metformin HCl","MET","0.5g","70","2026-05-01","HIRA reimbursed drug list (effective 2026-05-01), MFDS class 396; supported oral classes only"
"알리엠정10/5밀리그램","Empagliflozin + Linagliptin","SGLT2_EM+DPP4","10mg/5mg","755","2026-05-01","HIRA reimbursed drug list (effective 2026-05-01), MFDS class 396; supported oral classes only"
"알리엠정25/5밀리그램","Empagliflozin + Linagliptin","SGLT2_EM+DPP4","25mg/5mg","858","2026-05-01","HIRA reimbursed drug list (effective 2026-05-01), MFDS class 396; supported oral classes only"
"액스타존정","Pioglitazone","TZD","15mg","551","2026-05-01","HIRA reimbursed drug list (effective 2026-05-01), MFDS class 396; supported oral classes only"
"액토그린정","Pioglitazone","TZD","15mg","647","2026-05-01","HIRA reimbursed drug list (effective 2026-05-01), MFDS class 396; supported oral classes only"
"액토스릴정30/2밀리그램","Glimepiride + Pioglitazone","SU+TZD","2mg/30mg","1123","2026-05-01","HIRA reimbursed drug list (effective 2026-05-01), MFDS class 396; supported oral classes only"
"액토스릴정30/4밀리그램","Glimepiride + Pioglitazone","SU+TZD","4mg/30mg","1224","2026-05-01","HIRA reimbursed drug list (effective 2026-05-01), MFDS class 396; supported oral classes only"
"액토스메트정15/850밀리그램","Metformin HCl + Pioglitazone","MET+TZD","0.85g/15mg","714","2026-05-01","HIRA reimbursed drug list (effective 2026-05-01), MFDS class 396; supported oral classes only"
"액토스정15밀리그램","Pioglitazone","TZD","15mg","623","2026-05-01","HIRA reimbursed drug list (effective 2026-05-01), MFDS class 396; supported oral classes only"
"액토스정30밀리그램","Pioglitazone","TZD","30mg","936","2026-05-01","HIRA reimbursed drug list (effective 2026-05-01), MFDS class 396; supported oral classes only"
"액토존메트정15/850밀리그램","Metformin HCl + Pioglitazone","MET+TZD","0.85g/15mg","607","2026-05-01","HIRA reimbursed drug list (effective 2026-05-01), MFDS class 396; supported oral classes only"
"액토존정15밀리그램","Pioglitazone","TZD","15mg","359","2026-05-01","HIRA reimbursed drug list (effective 2026-05-01), MFDS class 396; supported oral classes only"
"액토존정30밀리그램","Pioglitazone","TZD","30mg","940","2026-05-01","HIRA reimbursed drug list (effective 2026-05-01), MFDS class 396; supported oral classes only"
"액토피스정","Pioglitazone","TZD","15mg","551","2026-05-01","HIRA reimbursed drug list (effective 2026-05-01), MFDS class 396; supported oral classes only"
"액토핀메트정15/850밀리그램","Metformin HCl + Pioglitazone","MET+TZD","0.85g/15mg","607","2026-05-01","HIRA reimbursed drug list (effective 2026-05-01), MFDS class 396; supported oral classes only"
"액티글리정15밀리그램","Pioglitazone","TZD","15mg","522","2026-05-01","HIRA reimbursed drug list (effective 2026-05-01), MFDS class 396; supported oral classes only"
"액티엠정","Pioglitazone","TZD","15mg","551","2026-05-01","HIRA reimbursed drug list (effective 2026-05-01), MFDS class 396; supported oral classes only"
"액피오정15밀리그램","Pioglitazone","TZD","15mg","647","2026-05-01","HIRA reimbursed drug list (effective 2026-05-01), MFDS class 396; supported oral classes only"
"액피오정30밀리그램","Pioglitazone","TZD","30mg","940","2026-05-01","HIRA reimbursed drug list (effective 2026-05-01), MFDS class 396; supported oral classes only"
"에스글리엠정10/5밀리그램","Empagliflozin + Linagliptin","SGLT2_EM+DPP4","10mg/5mg","714","2026-05-01","HIRA reimbursed drug list (effective 2026-05-01), MFDS class 396; supported oral classes only"
"에스글리엠정25/5밀리그램","Empagliflozin + Linagliptin","SGLT2_EM+DPP4","25mg/5mg","810","2026-05-01","HIRA reimbursed drug list (effective 2026-05-01), MFDS class 396; supported oral classes only"
"에스글리토정10/5밀리그램","Empagliflozin + Linagliptin","SGLT2_EM+DPP4","10mg/5mg","755","2026-05-01","HIRA reimbursed drug list (effective 2026-05-01), MFDS class 396; supported oral classes only"
"에스글리토정25/5밀리그램","Empagliflozin + Linagliptin","SGLT2_EM+DPP4","25mg/5mg","858","2026-05-01","HIRA reimbursed drug list (effective 2026-05-01), MFDS class 396; supported oral classes only"
"에스립틴디정10/100밀리그램","Dapagliflozin + Sitagliptin","SGLT2_DA+DPP4","10mg/0.1g","846","2026-05-01","HIRA reimbursed drug list (effective 2026-05-01), MFDS class 396; supported oral classes only"
"에스립틴엠정50/1000밀리그램","Metformin HCl + Sitagliptin","MET+DPP4","1g/50mg","377","2026-05-01","HIRA reimbursed drug list (effective 2026-05-01), MFDS class 396; supported oral classes only"
"에스립틴엠정50/500밀리그램","Metformin HCl + Sitagliptin","MET+DPP4","0.5g/50mg","371","2026-05-01","HIRA reimbursed drug list (effective 2026-05-01), MFDS class 396; supported oral classes only"
"에스립틴엠정50/850밀리그램","Metformin HCl + Sitagliptin","MET+DPP4","0.85g/50mg","371","2026-05-01","HIRA reimbursed drug list (effective 2026-05-01), MFDS class 396; supported oral classes only"
"에스립틴정100밀리그램","Sitagliptin","DPP4","0.1g","453","2026-05-01","HIRA reimbursed drug list (effective 2026-05-01), MFDS class 396; supported oral classes only"
"에스립틴정25밀리그램","Sitagliptin","DPP4","25mg","200","2026-05-01","HIRA reimbursed drug list (effective 2026-05-01), MFDS class 396; supported oral classes only"
"에스립틴정50밀리그램","Sitagliptin","DPP4","50mg","301","2026-05-01","HIRA reimbursed drug list (effective 2026-05-01), MFDS class 396; supported oral classes only"
"에스메트정50/1000밀리그램","Metformin HCl + Sitagliptin","MET+DPP4","1g/50mg","377","2026-05-01","HIRA reimbursed drug list (effective 2026-05-01), MFDS class 396; supported oral classes only"
"에스메트정50/500밀리그램","Metformin HCl + Sitagliptin","MET+DPP4","0.5g/50mg","371","2026-05-01","HIRA reimbursed drug list (effective 2026-05-01), MFDS class 396; supported oral classes only"
"에스메트정50/850밀리그램","Metformin HCl + Sitagliptin","MET+DPP4","0.85g/50mg","371","2026-05-01","HIRA reimbursed drug list (effective 2026-05-01), MFDS class 396; supported oral classes only"
"에스비아정100밀리그램","Sitagliptin","DPP4","0.1g","453","2026-05-01","HIRA reimbursed drug list (effective 2026-05-01), MFDS class 396; supported oral classes only"
"에스비아정50밀리그램","Sitagliptin","DPP4","50mg","301","2026-05-01","HIRA reimbursed drug list (effective 2026-05-01), MFDS class 396; supported oral classes only"
"에스플로정10/100밀리그램","Dapagliflozin + Sitagliptin","SGLT2_DA+DPP4","10mg/0.1g","846","2026-05-01","HIRA reimbursed drug list (effective 2026-05-01), MFDS class 396; supported oral classes only"
"에이다파시타듀오정10/100밀리그램","Dapagliflozin + Sitagliptin","SGLT2_DA+DPP4","10mg/0.1g","846","2026-05-01","HIRA reimbursed drug list (effective 2026-05-01), MFDS class 396; supported oral classes only"
"에이다파정10밀리그램","Dapagliflozin","SGLT2_DA","10mg","334","2026-05-01","HIRA reimbursed drug list (effective 2026-05-01), MFDS class 396; supported oral classes only"
"에이다파정5밀리그램","Dapagliflozin","SGLT2_DA","5mg","262","2026-05-01","HIRA reimbursed drug list (effective 2026-05-01), MFDS class 396; supported oral classes only"
"에이브스메트정50/1000밀리그램","Metformin HCl + Vildagliptin","MET+DPP4","1g/50mg","333","2026-05-01","HIRA reimbursed drug list (effective 2026-05-01), MFDS class 396; supported oral classes only"
"에이브스메트정50/500밀리그램","Metformin HCl + Vildagliptin","MET+DPP4","0.5g/50mg","264","2026-05-01","HIRA reimbursed drug list (effective 2026-05-01), MFDS class 396; supported oral classes only"
"에이브스정50밀리그램","Vildagliptin","DPP4","50mg","240","2026-05-01","HIRA reimbursed drug list (effective 2026-05-01), MFDS class 396; supported oral classes only"
"에이시타메트엑스알서방정100/1000밀리그램","Metformin HCl + Sitagliptin","MET+DPP4","1g/0.1g","572","2026-05-01","HIRA reimbursed drug list (effective 2026-05-01), MFDS class 396; supported oral classes only"
"에이시타메트엑스알서방정50/1000밀리그램","Metformin HCl + Sitagliptin","MET+DPP4","1g/50mg","420","2026-05-01","HIRA reimbursed drug list (effective 2026-05-01), MFDS class 396; supported oral classes only"
"에이시타메트엑스알서방정50/500밀리그램","Metformin HCl + Sitagliptin","MET+DPP4","0.5g/50mg","381","2026-05-01","HIRA reimbursed drug list (effective 2026-05-01), MFDS class 396; supported oral classes only"
"에이시타정100밀리그램","Sitagliptin","DPP4","0.1g","453","2026-05-01","HIRA reimbursed drug list (effective 2026-05-01), MFDS class 396; supported oral classes only"
"에이시타정25밀리그램","Sitagliptin","DPP4","25mg","200","2026-05-01","HIRA reimbursed drug list (effective 2026-05-01), MFDS class 396; supported oral classes only"
"에이시타정50밀리그램","Sitagliptin","DPP4","50mg","301","2026-05-01","HIRA reimbursed drug list (effective 2026-05-01), MFDS class 396; supported oral classes only"
"에이테넬엠서방정10/500밀리그램","Metformin HCl + Teneligliptin","MET+DPP4","0.5g/10mg","334","2026-05-01","HIRA reimbursed drug list (effective 2026-05-01), MFDS class 396; supported oral classes only"
"에이테넬엠서방정10/750밀리그램","Metformin HCl + Teneligliptin","MET+DPP4","0.75g/10mg","334","2026-05-01","HIRA reimbursed drug list (effective 2026-05-01), MFDS class 396; supported oral classes only"
"에이테넬엠서방정20/1000밀리그램","Metformin HCl + Teneligliptin","MET+DPP4","1g/20mg","665","2026-05-01","HIRA reimbursed drug list (effective 2026-05-01), MFDS class 396; supported oral classes only"
"에이테넬정20밀리그램","Teneligliptin","DPP4","20mg","665","2026-05-01","HIRA reimbursed drug list (effective 2026-05-01), MFDS class 396; supported oral classes only"
"에이폴민서방정","Metformin HCl","MET","0.5g","101","2026-05-01","HIRA reimbursed drug list (effective 2026-05-01), MFDS class 396; supported oral classes only"
"에이프로젠글리메피리드정","Glimepiride","SU","2mg","157","2026-05-01","HIRA reimbursed drug list (effective 2026-05-01), MFDS class 396; supported oral classes only"
"엑스메트엑스알서방정100/1000밀리그램","Metformin HCl + Sitagliptin","MET+DPP4","1g/0.1g","572","2026-05-01","HIRA reimbursed drug list (effective 2026-05-01), MFDS class 396; supported oral classes only"
"엑스메트엑스알서방정50/1000밀리그램","Metformin HCl + Sitagliptin","MET+DPP4","1g/50mg","420","2026-05-01","HIRA reimbursed drug list (effective 2026-05-01), MFDS class 396; supported oral classes only"
"엑스메트엑스알서방정50/500밀리그램","Metformin HCl + Sitagliptin","MET+DPP4","0.5g/50mg","381","2026-05-01","HIRA reimbursed drug list (effective 2026-05-01), MFDS class 396; supported oral classes only"
"엑스메트정50/1000밀리그램","Metformin HCl + Sitagliptin","MET+DPP4","1g/50mg","377","2026-05-01","HIRA reimbursed drug list (effective 2026-05-01), MFDS class 396; supported oral classes only"
"엑스메트정50/500밀리그램","Metformin HCl + Sitagliptin","MET+DPP4","0.5g/50mg","371","2026-05-01","HIRA reimbursed drug list (effective 2026-05-01), MFDS class 396; supported oral classes only"
"엑스메트정50/850밀리그램","Metformin HCl + Sitagliptin","MET+DPP4","0.85g/50mg","371","2026-05-01","HIRA reimbursed drug list (effective 2026-05-01), MFDS class 396; supported oral classes only"
"엑시글루에스정","Dapagliflozin + Sitagliptin","SGLT2_DA+DPP4","10mg/0.1g","846","2026-05-01","HIRA reimbursed drug list (effective 2026-05-01), MFDS class 396; supported oral classes only"
"엑시글루엠서방정10/1000밀리그램","Dapagliflozin + Metformin HCl","SGLT2_DA+MET","10mg/1g","512","2026-05-01","HIRA reimbursed drug list (effective 2026-05-01), MFDS class 396; supported oral classes only"
"엑시글루엠서방정10/500밀리그램","Dapagliflozin + Metformin HCl","SGLT2_DA+MET","10mg/0.5g","473","2026-05-01","HIRA reimbursed drug list (effective 2026-05-01), MFDS class 396; supported oral classes only"
"엑시글루엠서방정5/1000밀리그램","Dapagliflozin + Metformin HCl","SGLT2_DA+MET","5mg/1g","381","2026-05-01","HIRA reimbursed drug list (effective 2026-05-01), MFDS class 396; supported oral classes only"
"엑시글루엠서방정5/500밀리그램","Dapagliflozin + Metformin HCl","SGLT2_DA+MET","5mg/0.5g","342","2026-05-01","HIRA reimbursed drug list (effective 2026-05-01), MFDS class 396; supported oral classes only"
"엑시글루정10밀리그램","Dapagliflozin","SGLT2_DA","10mg","407","2026-05-01","HIRA reimbursed drug list (effective 2026-05-01), MFDS class 396; supported oral classes only"
"엑시글루정5밀리그램","Dapagliflozin","SGLT2_DA","5mg","271","2026-05-01","HIRA reimbursed drug list (effective 2026-05-01), MFDS class 396; supported oral classes only"
"엑토린메트정15/850밀리그램","Metformin HCl + Pioglitazone","MET+TZD","0.85g/15mg","607","2026-05-01","HIRA reimbursed drug list (effective 2026-05-01), MFDS class 396; supported oral classes only"
"엑토린정15밀리그램","Pioglitazone","TZD","15mg","644","2026-05-01","HIRA reimbursed drug list (effective 2026-05-01), MFDS class 396; supported oral classes only"
"엑토린정30밀리그램","Pioglitazone","TZD","30mg","940","2026-05-01","HIRA reimbursed drug list (effective 2026-05-01), MFDS class 396; supported oral classes only"
"엑토시가정10/15밀리그램","Dapagliflozin + Pioglitazone","SGLT2_DA+TZD","10mg/15mg","885","2026-05-01","HIRA reimbursed drug list (effective 2026-05-01), MFDS class 396; supported oral classes only"
"엔글리나정10/5밀리그램","Empagliflozin + Linagliptin","SGLT2_EM+DPP4","10mg/5mg","755","2026-05-01","HIRA reimbursed drug list (effective 2026-05-01), MFDS class 396; supported oral classes only"
"엔글리나정25/5밀리그램","Empagliflozin + Linagliptin","SGLT2_EM+DPP4","25mg/5mg","858","2026-05-01","HIRA reimbursed drug list (effective 2026-05-01), MFDS class 396; supported oral classes only"
"엔블로멧서방정0.3/1000밀리그램","Enavogliflozin + Metformin HCl","SGLT2_EN+MET","0.3mg/1g","611","2026-05-01","HIRA reimbursed drug list (effective 2026-05-01), MFDS class 396; supported oral classes only"
"엔블로정0.3밀리그램","Enavogliflozin","SGLT2_EN","0.3mg","611","2026-05-01","HIRA reimbursed drug list (effective 2026-05-01), MFDS class 396; supported oral classes only"
"엔피다파정10밀리그램","Dapagliflozin","SGLT2_DA","10mg","393","2026-05-01","HIRA reimbursed drug list (effective 2026-05-01), MFDS class 396; supported oral classes only"
"엔피앙듀오정12.5/1000밀리그램","Empagliflozin + Metformin HCl","SGLT2_EM+MET","12.5mg/1g","365","2026-05-01","HIRA reimbursed drug list (effective 2026-05-01), MFDS class 396; supported oral classes only"
"엔피앙듀오정12.5/500밀리그램","Empagliflozin + Metformin HCl","SGLT2_EM+MET","12.5mg/0.5g","360","2026-05-01","HIRA reimbursed drug list (effective 2026-05-01), MFDS class 396; supported oral classes only"
"엔피앙듀오정12.5/850밀리그램","Empagliflozin + Metformin HCl","SGLT2_EM+MET","12.5mg/0.85g","360","2026-05-01","HIRA reimbursed drug list (effective 2026-05-01), MFDS class 396; supported oral classes only"
"엔피앙듀오정5/1000밀리그램","Empagliflozin + Metformin HCl","SGLT2_EM+MET","5mg/1g","241","2026-05-01","HIRA reimbursed drug list (effective 2026-05-01), MFDS class 396; supported oral classes only"
"엔피앙듀오정5/500밀리그램","Empagliflozin + Metformin HCl","SGLT2_EM+MET","5mg/0.5g","236","2026-05-01","HIRA reimbursed drug list (effective 2026-05-01), MFDS class 396; supported oral classes only"
"엔피앙듀오정5/850밀리그램","Empagliflozin + Metformin HCl","SGLT2_EM+MET","5mg/0.85g","236","2026-05-01","HIRA reimbursed drug list (effective 2026-05-01), MFDS class 396; supported oral classes only"
"엔피앙정10밀리그램","Empagliflozin","SGLT2_EM","10mg","265","2026-05-01","HIRA reimbursed drug list (effective 2026-05-01), MFDS class 396; supported oral classes only"
"엔피앙정25밀리그램","Empagliflozin","SGLT2_EM","25mg","347","2026-05-01","HIRA reimbursed drug list (effective 2026-05-01), MFDS class 396; supported oral classes only"
"엠글리듀오서방정10/1000밀리그램","Empagliflozin + Metformin HCl","SGLT2_EM+MET","10mg/1g","431","2026-05-01","HIRA reimbursed drug list (effective 2026-05-01), MFDS class 396; supported oral classes only"
"엠글리듀오서방정25/1000밀리그램","Empagliflozin + Metformin HCl","SGLT2_EM+MET","25mg/1g","527","2026-05-01","HIRA reimbursed drug list (effective 2026-05-01), MFDS class 396; supported oral classes only"
"엠글리메포정2/500밀리그램","Glimepiride + Metformin HCl","SU+MET","2mg/0.5g","167","2026-05-01","HIRA reimbursed drug list (effective 2026-05-01), MFDS class 396; supported oral classes only"
"엠글리정10밀리그램","Empagliflozin","SGLT2_EM","10mg","347","2026-05-01","HIRA reimbursed drug list (effective 2026-05-01), MFDS class 396; supported oral classes only"
"엠글리정25밀리그램","Empagliflozin","SGLT2_EM","25mg","453","2026-05-01","HIRA reimbursed drug list (effective 2026-05-01), MFDS class 396; supported oral classes only"
"엠글리토정10/5밀리그램","Empagliflozin + Linagliptin","SGLT2_EM+DPP4","10mg/5mg","755","2026-05-01","HIRA reimbursed drug list (effective 2026-05-01), MFDS class 396; supported oral classes only"
"엠글리토정25/5밀리그램","Empagliflozin + Linagliptin","SGLT2_EM+DPP4","25mg/5mg","858","2026-05-01","HIRA reimbursed drug list (effective 2026-05-01), MFDS class 396; supported oral classes only"
"엠다파정10밀리그램","Dapagliflozin","SGLT2_DA","10mg","334","2026-05-01","HIRA reimbursed drug list (effective 2026-05-01), MFDS class 396; supported oral classes only"
"엠빌다글립틴정50밀리그램","Vildagliptin","DPP4","50mg","204","2026-05-01","HIRA reimbursed drug list (effective 2026-05-01), MFDS class 396; supported oral classes only"
"엠시폴민서방정12.5/50/750밀리그램","Empagliflozin + Metformin HCl + Sitagliptin","SGLT2_EM+MET+DPP4","12.5mg/0.75g/50mg","724","2026-05-01","HIRA reimbursed drug list (effective 2026-05-01), MFDS class 396; supported oral classes only"
"엠시폴민서방정25/100/1000밀리그램","Sitagliptin + Empagliflozin + Metformin HCl","DPP4+SGLT2_EM+MET","0.1g/25mg/1g","980","2026-05-01","HIRA reimbursed drug list (effective 2026-05-01), MFDS class 396; supported oral classes only"
"엠트포민정","Metformin HCl","MET","0.5g","70","2026-05-01","HIRA reimbursed drug list (effective 2026-05-01), MFDS class 396; supported oral classes only"
"엠파글리정10밀리그램","Empagliflozin","SGLT2_EM","10mg","265","2026-05-01","HIRA reimbursed drug list (effective 2026-05-01), MFDS class 396; supported oral classes only"
"엠파글리정25밀리그램","Empagliflozin","SGLT2_EM","25mg","347","2026-05-01","HIRA reimbursed drug list (effective 2026-05-01), MFDS class 396; supported oral classes only"
"엠파글엠정12.5/1000밀리그램","Empagliflozin + Metformin HCl","SGLT2_EM+MET","12.5mg/1g","365","2026-05-01","HIRA reimbursed drug list (effective 2026-05-01), MFDS class 396; supported oral classes only"
"엠파글엠정12.5/500밀리그램","Empagliflozin + Metformin HCl","SGLT2_EM+MET","12.5mg/0.5g","360","2026-05-01","HIRA reimbursed drug list (effective 2026-05-01), MFDS class 396; supported oral classes only"
"엠파글엠정12.5/850밀리그램","Empagliflozin + Metformin HCl","SGLT2_EM+MET","12.5mg/0.85g","360","2026-05-01","HIRA reimbursed drug list (effective 2026-05-01), MFDS class 396; supported oral classes only"
"엠파글엠정5/1000밀리그램","Empagliflozin + Metformin HCl","SGLT2_EM+MET","5mg/1g","241","2026-05-01","HIRA reimbursed drug list (effective 2026-05-01), MFDS class 396; supported oral classes only"
"엠파글엠정5/500밀리그램","Empagliflozin + Metformin HCl","SGLT2_EM+MET","5mg/0.5g","236","2026-05-01","HIRA reimbursed drug list (effective 2026-05-01), MFDS class 396; supported oral classes only"
"엠파글엠정5/850밀리그램","Empagliflozin + Metformin HCl","SGLT2_EM+MET","5mg/0.85g","236","2026-05-01","HIRA reimbursed drug list (effective 2026-05-01), MFDS class 396; supported oral classes only"
"엠파디앙듀오정12.5/1000밀리그램","Empagliflozin + Metformin HCl","SGLT2_EM+MET","12.5mg/1g","365","2026-05-01","HIRA reimbursed drug list (effective 2026-05-01), MFDS class 396; supported oral classes only"
"엠파디앙듀오정12.5/500밀리그램","Empagliflozin + Metformin HCl","SGLT2_EM+MET","12.5mg/0.5g","360","2026-05-01","HIRA reimbursed drug list (effective 2026-05-01), MFDS class 396; supported oral classes only"
"엠파디앙듀오정12.5/850밀리그램","Empagliflozin + Metformin HCl","SGLT2_EM+MET","12.5mg/0.85g","360","2026-05-01","HIRA reimbursed drug list (effective 2026-05-01), MFDS class 396; supported oral classes only"
"엠파디앙정10밀리그램","Empagliflozin","SGLT2_EM","10mg","265","2026-05-01","HIRA reimbursed drug list (effective 2026-05-01), MFDS class 396; supported oral classes only"
"엠파디앙정25밀리그램","Empagliflozin","SGLT2_EM","25mg","347","2026-05-01","HIRA reimbursed drug list (effective 2026-05-01), MFDS class 396; supported oral classes only"
"엠파로엠정12.5/1000밀리그램","Empagliflozin + Metformin HCl","SGLT2_EM+MET","12.5mg/1g","365","2026-05-01","HIRA reimbursed drug list (effective 2026-05-01), MFDS class 396; supported oral classes only"
"엠파로엠정12.5/500밀리그램","Empagliflozin + Metformin HCl","SGLT2_EM+MET","12.5mg/0.5g","360","2026-05-01","HIRA reimbursed drug list (effective 2026-05-01), MFDS class 396; supported oral classes only"
"엠파로엠정12.5/850밀리그램","Empagliflozin + Metformin HCl","SGLT2_EM+MET","12.5mg/0.85g","360","2026-05-01","HIRA reimbursed drug list (effective 2026-05-01), MFDS class 396; supported oral classes only"
"엠파로엠정5/1000밀리그램","Empagliflozin + Metformin HCl","SGLT2_EM+MET","5mg/1g","241","2026-05-01","HIRA reimbursed drug list (effective 2026-05-01), MFDS class 396; supported oral classes only"
"엠파로엠정5/500밀리그램","Empagliflozin + Metformin HCl","SGLT2_EM+MET","5mg/0.5g","236","2026-05-01","HIRA reimbursed drug list (effective 2026-05-01), MFDS class 396; supported oral classes only"
"엠파로엠정5/850밀리그램","Empagliflozin + Metformin HCl","SGLT2_EM+MET","5mg/0.85g","236","2026-05-01","HIRA reimbursed drug list (effective 2026-05-01), MFDS class 396; supported oral classes only"
"엠파론듀오서방정10/1000밀리그램","Empagliflozin + Metformin HCl","SGLT2_EM+MET","10mg/1g","429","2026-05-01","HIRA reimbursed drug list (effective 2026-05-01), MFDS class 396; supported oral classes only"
"엠파론듀오서방정12.5/1000밀리그램","Empagliflozin + Metformin HCl","SGLT2_EM+MET","12.5mg/1g","429","2026-05-01","HIRA reimbursed drug list (effective 2026-05-01), MFDS class 396; supported oral classes only"
"엠파론듀오서방정25/1000밀리그램","Empagliflozin + Metformin HCl","SGLT2_EM+MET","25mg/1g","527","2026-05-01","HIRA reimbursed drug list (effective 2026-05-01), MFDS class 396; supported oral classes only"
"엠파론듀오서방정5/1000밀리그램","Empagliflozin + Metformin HCl","SGLT2_EM+MET","5mg/1g","284","2026-05-01","HIRA reimbursed drug list (effective 2026-05-01), MFDS class 396; supported oral classes only"
"엠파론정10밀리그램","Empagliflozin","SGLT2_EM","10mg","265","2026-05-01","HIRA reimbursed drug list (effective 2026-05-01), MFDS class 396; supported oral classes only"
"엠파론정25밀리그램","Empagliflozin","SGLT2_EM","25mg","347","2026-05-01","HIRA reimbursed drug list (effective 2026-05-01), MFDS class 396; supported oral classes only"
"엠파리나정10/5밀리그램)","Empagliflozin + Linagliptin","SGLT2_EM+DPP4","10mg/5mg","755","2026-05-01","HIRA reimbursed drug list (effective 2026-05-01), MFDS class 396; supported oral classes only"
"엠파리나정25/5밀리그램)","Empagliflozin + Linagliptin","SGLT2_EM+DPP4","25mg/5mg","858","2026-05-01","HIRA reimbursed drug list (effective 2026-05-01), MFDS class 396; supported oral classes only"
"엠파린정10/5밀리그램","Empagliflozin + Linagliptin","SGLT2_EM+DPP4","10mg/5mg","755","2026-05-01","HIRA reimbursed drug list (effective 2026-05-01), MFDS class 396; supported oral classes only"
"엠파린정25/5밀리그램","Empagliflozin + Linagliptin","SGLT2_EM+DPP4","25mg/5mg","858","2026-05-01","HIRA reimbursed drug list (effective 2026-05-01), MFDS class 396; supported oral classes only"
"엠파릴듀오서방정10/1000밀리그램","Empagliflozin + Metformin HCl","SGLT2_EM+MET","10mg/1g","431","2026-05-01","HIRA reimbursed drug list (effective 2026-05-01), MFDS class 396; supported oral classes only"
"엠파릴듀오서방정25/1000밀리그램","Empagliflozin + Metformin HCl","SGLT2_EM+MET","25mg/1g","527","2026-05-01","HIRA reimbursed drug list (effective 2026-05-01), MFDS class 396; supported oral classes only"
"엠파맥스에스정10/100밀리그램","Empagliflozin + Sitagliptin","SGLT2_EM+DPP4","10mg/0.1g","765","2026-05-01","HIRA reimbursed drug list (effective 2026-05-01), MFDS class 396; supported oral classes only"
"엠파맥스에스정25/100밀리그램","Empagliflozin + Sitagliptin","SGLT2_EM+DPP4","25mg/0.1g","861","2026-05-01","HIRA reimbursed drug list (effective 2026-05-01), MFDS class 396; supported oral classes only"
"엠파맥스엠서방정10/1000밀리그램","Empagliflozin + Metformin HCl","SGLT2_EM+MET","10mg/1g","431","2026-05-01","HIRA reimbursed drug list (effective 2026-05-01), MFDS class 396; supported oral classes only"
"엠파맥스엠서방정12.5/1000밀리그램","Empagliflozin + Metformin HCl","SGLT2_EM+MET","12.5mg/1g","472","2026-05-01","HIRA reimbursed drug list (effective 2026-05-01), MFDS class 396; supported oral classes only"
"엠파맥스엠서방정25/1000밀리그램","Empagliflozin + Metformin HCl","SGLT2_EM+MET","25mg/1g","527","2026-05-01","HIRA reimbursed drug list (effective 2026-05-01), MFDS class 396; supported oral classes only"
"엠파맥스엠정12.5/1000밀리그램","Empagliflozin + Metformin HCl","SGLT2_EM+MET","12.5mg/1g","429","2026-05-01","HIRA reimbursed drug list (effective 2026-05-01), MFDS class 396; supported oral classes only"
"엠파맥스엠정12.5/500밀리그램","Empagliflozin + Metformin HCl","SGLT2_EM+MET","12.5mg/0.5g","423","2026-05-01","HIRA reimbursed drug list (effective 2026-05-01), MFDS class 396; supported oral classes only"
"엠파맥스엠정12.5/850밀리그램","Empagliflozin + Metformin HCl","SGLT2_EM+MET","12.5mg/0.85g","423","2026-05-01","HIRA reimbursed drug list (effective 2026-05-01), MFDS class 396; supported oral classes only"
"엠파맥스엠정5/1000밀리그램","Empagliflozin + Metformin HCl","SGLT2_EM+MET","5mg/1g","284","2026-05-01","HIRA reimbursed drug list (effective 2026-05-01), MFDS class 396; supported oral classes only"
"엠파맥스엠정5/500밀리그램","Empagliflozin + Metformin HCl","SGLT2_EM+MET","5mg/0.5g","278","2026-05-01","HIRA reimbursed drug list (effective 2026-05-01), MFDS class 396; supported oral classes only"
"엠파맥스엠정5/850밀리그램","Empagliflozin + Metformin HCl","SGLT2_EM+MET","5mg/0.85g","278","2026-05-01","HIRA reimbursed drug list (effective 2026-05-01), MFDS class 396; supported oral classes only"
"엠파맥스정10밀리그램","Empagliflozin","SGLT2_EM","10mg","390","2026-05-01","HIRA reimbursed drug list (effective 2026-05-01), MFDS class 396; supported oral classes only"
"엠파맥스정25밀리그램","Empagliflozin","SGLT2_EM","25mg","510","2026-05-01","HIRA reimbursed drug list (effective 2026-05-01), MFDS class 396; supported oral classes only"
"엠파벡스정12.5/1000밀리그램","Empagliflozin + Metformin HCl","SGLT2_EM+MET","12.5mg/1g","429","2026-05-01","HIRA reimbursed drug list (effective 2026-05-01), MFDS class 396; supported oral classes only"
"엠파벡스정12.5/500밀리그램","Empagliflozin + Metformin HCl","SGLT2_EM+MET","12.5mg/0.5g","423","2026-05-01","HIRA reimbursed drug list (effective 2026-05-01), MFDS class 396; supported oral classes only"
"엠파벡스정12.5/850밀리그램","Empagliflozin + Metformin HCl","SGLT2_EM+MET","12.5mg/0.85g","423","2026-05-01","HIRA reimbursed drug list (effective 2026-05-01), MFDS class 396; supported oral classes only"
"엠파벡스정5/1000밀리그램","Empagliflozin + Metformin HCl","SGLT2_EM+MET","5mg/1g","284","2026-05-01","HIRA reimbursed drug list (effective 2026-05-01), MFDS class 396; supported oral classes only"
"엠파벡스정5/500밀리그램","Empagliflozin + Metformin HCl","SGLT2_EM+MET","5mg/0.5g","278","2026-05-01","HIRA reimbursed drug list (effective 2026-05-01), MFDS class 396; supported oral classes only"
"엠파벡스정5/850밀리그램","Empagliflozin + Metformin HCl","SGLT2_EM+MET","5mg/0.85g","278","2026-05-01","HIRA reimbursed drug list (effective 2026-05-01), MFDS class 396; supported oral classes only"
"엠파비아정10/5밀리그램","Empagliflozin + Linagliptin","SGLT2_EM+DPP4","10mg/5mg","755","2026-05-01","HIRA reimbursed drug list (effective 2026-05-01), MFDS class 396; supported oral classes only"
"엠파비아정25/5밀리그램","Empagliflozin + Linagliptin","SGLT2_EM+DPP4","25mg/5mg","858","2026-05-01","HIRA reimbursed drug list (effective 2026-05-01), MFDS class 396; supported oral classes only"
"엠파시타엠서방정10/100/1000밀리그램","Empagliflozin + Metformin HCl + Sitagliptin","SGLT2_EM+MET+DPP4","10mg/1g/0.1g","884","2026-05-01","HIRA reimbursed drug list (effective 2026-05-01), MFDS class 396; supported oral classes only"
"엠파시타엠서방정25/100/1000밀리그램","Empagliflozin + Metformin HCl + Sitagliptin","SGLT2_EM+MET+DPP4","25mg/1g/0.1g","980","2026-05-01","HIRA reimbursed drug list (effective 2026-05-01), MFDS class 396; supported oral classes only"
"엠파앙듀오서방정10/1000밀리그램","Empagliflozin + Metformin HCl","SGLT2_EM+MET","10mg/1g","431","2026-05-01","HIRA reimbursed drug list (effective 2026-05-01), MFDS class 396; supported oral classes only"
"엠파앙듀오서방정12.5/1000밀리그램","Empagliflozin + Metformin HCl","SGLT2_EM+MET","12.5mg/1g","472","2026-05-01","HIRA reimbursed drug list (effective 2026-05-01), MFDS class 396; supported oral classes only"
"엠파앙듀오서방정25/1000밀리그램","Empagliflozin + Metformin HCl","SGLT2_EM+MET","25mg/1g","527","2026-05-01","HIRA reimbursed drug list (effective 2026-05-01), MFDS class 396; supported oral classes only"
"엠파앙듀오서방정5/1000밀리그램","Empagliflozin + Metformin HCl","SGLT2_EM+MET","5mg/1g","327","2026-05-01","HIRA reimbursed drug list (effective 2026-05-01), MFDS class 396; supported oral classes only"
"엠파앙듀오정12.5/1000밀리그램","Empagliflozin + Metformin HCl","SGLT2_EM+MET","12.5mg/1g","429","2026-05-01","HIRA reimbursed drug list (effective 2026-05-01), MFDS class 396; supported oral classes only"
"엠파앙듀오정12.5/500밀리그램","Empagliflozin + Metformin HCl","SGLT2_EM+MET","12.5mg/0.5g","423","2026-05-01","HIRA reimbursed drug list (effective 2026-05-01), MFDS class 396; supported oral classes only"
"엠파앙듀오정12.5/850밀리그램","Empagliflozin + Metformin HCl","SGLT2_EM+MET","12.5mg/0.85g","423","2026-05-01","HIRA reimbursed drug list (effective 2026-05-01), MFDS class 396; supported oral classes only"
"엠파앙듀오정5/1000밀리그램","Empagliflozin + Metformin HCl","SGLT2_EM+MET","5mg/1g","284","2026-05-01","HIRA reimbursed drug list (effective 2026-05-01), MFDS class 396; supported oral classes only"
"엠파앙듀오정5/500밀리그램","Empagliflozin + Metformin HCl","SGLT2_EM+MET","5mg/0.5g","278","2026-05-01","HIRA reimbursed drug list (effective 2026-05-01), MFDS class 396; supported oral classes only"
"엠파앙듀오정5/850밀리그램","Empagliflozin + Metformin HCl","SGLT2_EM+MET","5mg/0.85g","278","2026-05-01","HIRA reimbursed drug list (effective 2026-05-01), MFDS class 396; supported oral classes only"
"엠파앙정10밀리그램","Empagliflozin","SGLT2_EM","10mg","396","2026-05-01","HIRA reimbursed drug list (effective 2026-05-01), MFDS class 396; supported oral classes only"
"엠파앙정25밀리그램","Empagliflozin","SGLT2_EM","25mg","518","2026-05-01","HIRA reimbursed drug list (effective 2026-05-01), MFDS class 396; supported oral classes only"
"엠파원정10밀리그램","Empagliflozin","SGLT2_EM","10mg","265","2026-05-01","HIRA reimbursed drug list (effective 2026-05-01), MFDS class 396; supported oral classes only"
"엠파원정25밀리그램","Empagliflozin","SGLT2_EM","25mg","347","2026-05-01","HIRA reimbursed drug list (effective 2026-05-01), MFDS class 396; supported oral classes only"
"엠파칸듀오정12.5/1000밀리그램","Empagliflozin + Metformin HCl","SGLT2_EM+MET","12.5mg/1g","365","2026-05-01","HIRA reimbursed drug list (effective 2026-05-01), MFDS class 396; supported oral classes only"
"엠파칸듀오정12.5/500밀리그램","Empagliflozin + Metformin HCl","SGLT2_EM+MET","12.5mg/0.5g","360","2026-05-01","HIRA reimbursed drug list (effective 2026-05-01), MFDS class 396; supported oral classes only"
"엠파칸듀오정12.5/850밀리그램","Empagliflozin + Metformin HCl","SGLT2_EM+MET","12.5mg/0.85g","360","2026-05-01","HIRA reimbursed drug list (effective 2026-05-01), MFDS class 396; supported oral classes only"
"엠파칸듀오정5/1000밀리그램","Empagliflozin + Metformin HCl","SGLT2_EM+MET","5mg/1g","241","2026-05-01","HIRA reimbursed drug list (effective 2026-05-01), MFDS class 396; supported oral classes only"
"엠파칸듀오정5/500밀리그램","Empagliflozin + Metformin HCl","SGLT2_EM+MET","5mg/0.5g","236","2026-05-01","HIRA reimbursed drug list (effective 2026-05-01), MFDS class 396; supported oral classes only"
"엠파칸듀오정5/850밀리그램","Empagliflozin + Metformin HCl","SGLT2_EM+MET","5mg/0.85g","236","2026-05-01","HIRA reimbursed drug list (effective 2026-05-01), MFDS class 396; supported oral classes only"
"엠파칸정10밀리그램","Empagliflozin","SGLT2_EM","10mg","265","2026-05-01","HIRA reimbursed drug list (effective 2026-05-01), MFDS class 396; supported oral classes only"
"엠파칸정25밀리그램","Empagliflozin","SGLT2_EM","25mg","347","2026-05-01","HIRA reimbursed drug list (effective 2026-05-01), MFDS class 396; supported oral classes only"
"엠파콤비서방정10/1000밀리그램","Empagliflozin + Metformin HCl","SGLT2_EM+MET","10mg/1g","431","2026-05-01","HIRA reimbursed drug list (effective 2026-05-01), MFDS class 396; supported oral classes only"
"엠파콤비서방정25/1000밀리그램","Empagliflozin + Metformin HCl","SGLT2_EM+MET","25mg/1g","527","2026-05-01","HIRA reimbursed drug list (effective 2026-05-01), MFDS class 396; supported oral classes only"
"엠파콤비정12.5/1000밀리그램","Empagliflozin + Metformin HCl","SGLT2_EM+MET","12.5mg/1g","365","2026-05-01","HIRA reimbursed drug list (effective 2026-05-01), MFDS class 396; supported oral classes only"
"엠파콤비정12.5/500밀리그램","Empagliflozin + Metformin HCl","SGLT2_EM+MET","12.5mg/0.5g","360","2026-05-01","HIRA reimbursed drug list (effective 2026-05-01), MFDS class 396; supported oral classes only"
"엠파콤비정12.5/850밀리그램","Empagliflozin + Metformin HCl","SGLT2_EM+MET","12.5mg/0.85g","360","2026-05-01","HIRA reimbursed drug list (effective 2026-05-01), MFDS class 396; supported oral classes only"
"엠파콤비정5/1000밀리그램","Empagliflozin + Metformin HCl","SGLT2_EM+MET","5mg/1g","241","2026-05-01","HIRA reimbursed drug list (effective 2026-05-01), MFDS class 396; supported oral classes only"
"엠파콤비정5/500밀리그램","Empagliflozin + Metformin HCl","SGLT2_EM+MET","5mg/0.5g","236","2026-05-01","HIRA reimbursed drug list (effective 2026-05-01), MFDS class 396; supported oral classes only"
"엠파콤비정5/850밀리그램","Empagliflozin + Metformin HCl","SGLT2_EM+MET","5mg/0.85g","236","2026-05-01","HIRA reimbursed drug list (effective 2026-05-01), MFDS class 396; supported oral classes only"
"엠파프로메트서방정10/1000밀리그램","Empagliflozin + Metformin HCl","SGLT2_EM+MET","10mg/1g","431","2026-05-01","HIRA reimbursed drug list (effective 2026-05-01), MFDS class 396; supported oral classes only"
"엠파프로메트서방정12.5/1000밀리그램","Empagliflozin + Metformin HCl","SGLT2_EM+MET","12.5mg/1g","472","2026-05-01","HIRA reimbursed drug list (effective 2026-05-01), MFDS class 396; supported oral classes only"
"엠파프로메트서방정25/1000밀리그램","Empagliflozin + Metformin HCl","SGLT2_EM+MET","25mg/1g","527","2026-05-01","HIRA reimbursed drug list (effective 2026-05-01), MFDS class 396; supported oral classes only"
"엠파프로메트서방정5/1000밀리그램","Empagliflozin + Metformin HCl","SGLT2_EM+MET","5mg/1g","327","2026-05-01","HIRA reimbursed drug list (effective 2026-05-01), MFDS class 396; supported oral classes only"
"엠파프로정10밀리그램","Empagliflozin","SGLT2_EM","10mg","265","2026-05-01","HIRA reimbursed drug list (effective 2026-05-01), MFDS class 396; supported oral classes only"
"엠파프로정25밀리그램","Empagliflozin","SGLT2_EM","25mg","347","2026-05-01","HIRA reimbursed drug list (effective 2026-05-01), MFDS class 396; supported oral classes only"
"엠파하나정10밀리그램","Empagliflozin","SGLT2_EM","10mg","265","2026-05-01","HIRA reimbursed drug list (effective 2026-05-01), MFDS class 396; supported oral classes only"
"엠파하나정25밀리그램","Empagliflozin","SGLT2_EM","25mg","347","2026-05-01","HIRA reimbursed drug list (effective 2026-05-01), MFDS class 396; supported oral classes only"
"엠포가듀오정12.5/1000밀리그램","Empagliflozin + Metformin HCl","SGLT2_EM+MET","12.5mg/1g","365","2026-05-01","HIRA reimbursed drug list (effective 2026-05-01), MFDS class 396; supported oral classes only"
"엠포가듀오정12.5/500밀리그램","Empagliflozin + Metformin HCl","SGLT2_EM+MET","12.5mg/0.5g","360","2026-05-01","HIRA reimbursed drug list (effective 2026-05-01), MFDS class 396; supported oral classes only"
"엠포가듀오정12.5/850밀리그램","Empagliflozin + Metformin HCl","SGLT2_EM+MET","12.5mg/0.85g","360","2026-05-01","HIRA reimbursed drug list (effective 2026-05-01), MFDS class 396; supported oral classes only"
"엠포가듀오정5/1000밀리그램","Empagliflozin + Metformin HCl","SGLT2_EM+MET","5mg/1g","241","2026-05-01","HIRA reimbursed drug list (effective 2026-05-01), MFDS class 396; supported oral classes only"
"엠포가듀오정5/500밀리그램","Empagliflozin + Metformin HCl","SGLT2_EM+MET","5mg/0.5g","236","2026-05-01","HIRA reimbursed drug list (effective 2026-05-01), MFDS class 396; supported oral classes only"
"엠포가듀오정5/850밀리그램","Empagliflozin + Metformin HCl","SGLT2_EM+MET","5mg/0.85g","236","2026-05-01","HIRA reimbursed drug list (effective 2026-05-01), MFDS class 396; supported oral classes only"
"엠포가정10밀리그램","Empagliflozin","SGLT2_EM","10mg","265","2026-05-01","HIRA reimbursed drug list (effective 2026-05-01), MFDS class 396; supported oral classes only"
"엠포가정25밀리그램","Empagliflozin","SGLT2_EM","25mg","347","2026-05-01","HIRA reimbursed drug list (effective 2026-05-01), MFDS class 396; supported oral classes only"
"엠포민정","Metformin HCl","MET","0.5g","70","2026-05-01","HIRA reimbursed drug list (effective 2026-05-01), MFDS class 396; supported oral classes only"
"엠포진듀오서방정10/1000밀리그램","Empagliflozin + Metformin HCl","SGLT2_EM+MET","10mg/1g","431","2026-05-01","HIRA reimbursed drug list (effective 2026-05-01), MFDS class 396; supported oral classes only"
"엠포진듀오서방정12.5/1000밀리그램","Empagliflozin + Metformin HCl","SGLT2_EM+MET","12.5mg/1g","472","2026-05-01","HIRA reimbursed drug list (effective 2026-05-01), MFDS class 396; supported oral classes only"
"엠포진듀오서방정25/1000밀리그램","Empagliflozin + Metformin HCl","SGLT2_EM+MET","25mg/1g","527","2026-05-01","HIRA reimbursed drug list (effective 2026-05-01), MFDS class 396; supported oral classes only"
"엠포진듀오서방정5/1000밀리그램","Empagliflozin + Metformin HCl","SGLT2_EM+MET","5mg/1g","327","2026-05-01","HIRA reimbursed drug list (effective 2026-05-01), MFDS class 396; supported oral classes only"
"엠포진듀오정12.5/1000밀리그램","Empagliflozin + Metformin HCl","SGLT2_EM+MET","12.5mg/1g","365","2026-05-01","HIRA reimbursed drug list (effective 2026-05-01), MFDS class 396; supported oral classes only"
"엠포진듀오정12.5/500밀리그램","Empagliflozin + Metformin HCl","SGLT2_EM+MET","12.5mg/0.5g","360","2026-05-01","HIRA reimbursed drug list (effective 2026-05-01), MFDS class 396; supported oral classes only"
"엠포진듀오정12.5/850밀리그램","Empagliflozin + Metformin HCl","SGLT2_EM+MET","12.5mg/0.85g","360","2026-05-01","HIRA reimbursed drug list (effective 2026-05-01), MFDS class 396; supported oral classes only"
"엠포진듀오정5/1000밀리그램","Empagliflozin + Metformin HCl","SGLT2_EM+MET","5mg/1g","241","2026-05-01","HIRA reimbursed drug list (effective 2026-05-01), MFDS class 396; supported oral classes only"
"엠포진듀오정5/500밀리그램","Empagliflozin + Metformin HCl","SGLT2_EM+MET","5mg/0.5g","236","2026-05-01","HIRA reimbursed drug list (effective 2026-05-01), MFDS class 396; supported oral classes only"
"엠포진듀오정5/850밀리그램","Empagliflozin + Metformin HCl","SGLT2_EM+MET","5mg/0.85g","236","2026-05-01","HIRA reimbursed drug list (effective 2026-05-01), MFDS class 396; supported oral classes only"
"엠포진정10밀리그램","Empagliflozin","SGLT2_EM","10mg","265","2026-05-01","HIRA reimbursed drug list (effective 2026-05-01), MFDS class 396; supported oral classes only"
"엠포진정25밀리그램","Empagliflozin","SGLT2_EM","25mg","347","2026-05-01","HIRA reimbursed drug list (effective 2026-05-01), MFDS class 396; supported oral classes only"
"엠플디엠메트서방정10/1000밀리그램","Empagliflozin + Metformin HCl","SGLT2_EM+MET","10mg/1g","431","2026-05-01","HIRA reimbursed drug list (effective 2026-05-01), MFDS class 396; supported oral classes only"
"엠플디엠메트서방정25/1000밀리그램","Empagliflozin + Metformin HCl","SGLT2_EM+MET","25mg/1g","527","2026-05-01","HIRA reimbursed drug list (effective 2026-05-01), MFDS class 396; supported oral classes only"
"엠플디엠메트정12.5/1000밀리그램","Empagliflozin + Metformin HCl","SGLT2_EM+MET","12.5mg/1g","365","2026-05-01","HIRA reimbursed drug list (effective 2026-05-01), MFDS class 396; supported oral classes only"
"엠플디엠메트정12.5/850밀리그램","Empagliflozin + Metformin HCl","SGLT2_EM+MET","12.5mg/0.85g","360","2026-05-01","HIRA reimbursed drug list (effective 2026-05-01), MFDS class 396; supported oral classes only"
"엠플디엠정10밀리그램","Empagliflozin","SGLT2_EM","10mg","265","2026-05-01","HIRA reimbursed drug list (effective 2026-05-01), MFDS class 396; supported oral classes only"
"엠플디엠정25밀리그램","Empagliflozin","SGLT2_EM","25mg","347","2026-05-01","HIRA reimbursed drug list (effective 2026-05-01), MFDS class 396; supported oral classes only"
"엠플로엠서방정10/1000밀리그램","Empagliflozin + Metformin HCl","SGLT2_EM+MET","10mg/1g","431","2026-05-01","HIRA reimbursed drug list (effective 2026-05-01), MFDS class 396; supported oral classes only"
"엠플로엠서방정12.5/1000밀리그램","Empagliflozin + Metformin HCl","SGLT2_EM+MET","12.5mg/1g","472","2026-05-01","HIRA reimbursed drug list (effective 2026-05-01), MFDS class 396; supported oral classes only"
"엠플로엠서방정25/1000밀리그램","Empagliflozin + Metformin HCl","SGLT2_EM+MET","25mg/1g","527","2026-05-01","HIRA reimbursed drug list (effective 2026-05-01), MFDS class 396; supported oral classes only"
"엠플로엠서방정5/1000밀리그램","Empagliflozin + Metformin HCl","SGLT2_EM+MET","5mg/1g","327","2026-05-01","HIRA reimbursed drug list (effective 2026-05-01), MFDS class 396; supported oral classes only"
"엠플로정10밀리그램","Empagliflozin","SGLT2_EM","10mg","347","2026-05-01","HIRA reimbursed drug list (effective 2026-05-01), MFDS class 396; supported oral classes only"
"엠플로정25밀리그램","Empagliflozin","SGLT2_EM","25mg","453","2026-05-01","HIRA reimbursed drug list (effective 2026-05-01), MFDS class 396; supported oral classes only"
"엠플로진듀오정12.5/1000밀리그램","Empagliflozin + Metformin HCl","SGLT2_EM+MET","12.5mg/1g","365","2026-05-01","HIRA reimbursed drug list (effective 2026-05-01), MFDS class 396; supported oral classes only"
"엠플로진듀오정12.5/500밀리그램","Empagliflozin + Metformin HCl","SGLT2_EM+MET","12.5mg/0.5g","360","2026-05-01","HIRA reimbursed drug list (effective 2026-05-01), MFDS class 396; supported oral classes only"
"엠플로진듀오정12.5/850밀리그램","Empagliflozin + Metformin HCl","SGLT2_EM+MET","12.5mg/0.85g","360","2026-05-01","HIRA reimbursed drug list (effective 2026-05-01), MFDS class 396; supported oral classes only"
"엠플로진듀오정5/1000밀리그램","Empagliflozin + Metformin HCl","SGLT2_EM+MET","5mg/1g","241","2026-05-01","HIRA reimbursed drug list (effective 2026-05-01), MFDS class 396; supported oral classes only"
"엠플로진듀오정5/500밀리그램","Empagliflozin + Metformin HCl","SGLT2_EM+MET","5mg/0.5g","236","2026-05-01","HIRA reimbursed drug list (effective 2026-05-01), MFDS class 396; supported oral classes only"
"엠플로진듀오정5/850밀리그램","Empagliflozin + Metformin HCl","SGLT2_EM+MET","5mg/0.85g","236","2026-05-01","HIRA reimbursed drug list (effective 2026-05-01), MFDS class 396; supported oral classes only"
"엠플로진정10밀리그램","Empagliflozin","SGLT2_EM","10mg","265","2026-05-01","HIRA reimbursed drug list (effective 2026-05-01), MFDS class 396; supported oral classes only"
"엠플로진정25밀리그램","Empagliflozin","SGLT2_EM","25mg","347","2026-05-01","HIRA reimbursed drug list (effective 2026-05-01), MFDS class 396; supported oral classes only"
"엠플진메트서방정10/1000밀리그램","Empagliflozin + Metformin HCl","SGLT2_EM+MET","10mg/1g","431","2026-05-01","HIRA reimbursed drug list (effective 2026-05-01), MFDS class 396; supported oral classes only"
"엠플진메트서방정12.5/1000밀리그램","Empagliflozin + Metformin HCl","SGLT2_EM+MET","12.5mg/1g","472","2026-05-01","HIRA reimbursed drug list (effective 2026-05-01), MFDS class 396; supported oral classes only"
"엠플진메트서방정25/1000밀리그램","Empagliflozin + Metformin HCl","SGLT2_EM+MET","25mg/1g","527","2026-05-01","HIRA reimbursed drug list (effective 2026-05-01), MFDS class 396; supported oral classes only"
"엠플진메트서방정5/1000밀리그램","Empagliflozin + Metformin HCl","SGLT2_EM+MET","5mg/1g","327","2026-05-01","HIRA reimbursed drug list (effective 2026-05-01), MFDS class 396; supported oral classes only"
"엠플진정10밀리그램","Empagliflozin","SGLT2_EM","10mg","265","2026-05-01","HIRA reimbursed drug list (effective 2026-05-01), MFDS class 396; supported oral classes only"
"엠플진정25밀리그램","Empagliflozin","SGLT2_EM","25mg","347","2026-05-01","HIRA reimbursed drug list (effective 2026-05-01), MFDS class 396; supported oral classes only"
"영일시타글립틴정100밀리그램","Sitagliptin","DPP4","0.1g","453","2026-05-01","HIRA reimbursed drug list (effective 2026-05-01), MFDS class 396; supported oral classes only"
"영일시타글립틴정50밀리그램","Sitagliptin","DPP4","50mg","301","2026-05-01","HIRA reimbursed drug list (effective 2026-05-01), MFDS class 396; supported oral classes only"
"영일염산메트포르민정850밀리그램","Metformin HCl","MET","0.85g","101","2026-05-01","HIRA reimbursed drug list (effective 2026-05-01), MFDS class 396; supported oral classes only"
"영진글리트존정","Pioglitazone","TZD","15mg","641","2026-05-01","HIRA reimbursed drug list (effective 2026-05-01), MFDS class 396; supported oral classes only"
"오코마릴엠정2/500밀리그램","Glimepiride + Metformin HCl","SU+MET","2mg/0.5g","167","2026-05-01","HIRA reimbursed drug list (effective 2026-05-01), MFDS class 396; supported oral classes only"
"오코마릴정4mg","Glimepiride","SU","4mg","241","2026-05-01","HIRA reimbursed drug list (effective 2026-05-01), MFDS class 396; supported oral classes only"
"온글라이자정2.5밀리그램","Saxagliptin","DPP4","2.5mg","570","2026-05-01","HIRA reimbursed drug list (effective 2026-05-01), MFDS class 396; supported oral classes only"
"온글라이자정5밀리그램","Saxagliptin","DPP4","5mg","825","2026-05-01","HIRA reimbursed drug list (effective 2026-05-01), MFDS class 396; supported oral classes only"
"원폴민정","Metformin HCl","MET","0.5g","70","2026-05-01","HIRA reimbursed drug list (effective 2026-05-01), MFDS class 396; supported oral classes only"
"위더스글리메피리드정2mg","Glimepiride","SU","2mg","185","2026-05-01","HIRA reimbursed drug list (effective 2026-05-01), MFDS class 396; supported oral classes only"
"위디앙듀오정12.5/1000밀리그램","Empagliflozin + Metformin HCl","SGLT2_EM+MET","12.5mg/1g","365","2026-05-01","HIRA reimbursed drug list (effective 2026-05-01), MFDS class 396; supported oral classes only"
"위디앙듀오정12.5/500밀리그램","Empagliflozin + Metformin HCl","SGLT2_EM+MET","12.5mg/0.5g","360","2026-05-01","HIRA reimbursed drug list (effective 2026-05-01), MFDS class 396; supported oral classes only"
"위디앙듀오정12.5/850밀리그램","Empagliflozin + Metformin HCl","SGLT2_EM+MET","12.5mg/0.85g","360","2026-05-01","HIRA reimbursed drug list (effective 2026-05-01), MFDS class 396; supported oral classes only"
"위디앙듀오정5/1000밀리그램","Empagliflozin + Metformin HCl","SGLT2_EM+MET","5mg/1g","241","2026-05-01","HIRA reimbursed drug list (effective 2026-05-01), MFDS class 396; supported oral classes only"
"위디앙듀오정5/500밀리그램","Empagliflozin + Metformin HCl","SGLT2_EM+MET","5mg/0.5g","236","2026-05-01","HIRA reimbursed drug list (effective 2026-05-01), MFDS class 396; supported oral classes only"
"위디앙듀오정5/850밀리그램","Empagliflozin + Metformin HCl","SGLT2_EM+MET","5mg/0.85g","236","2026-05-01","HIRA reimbursed drug list (effective 2026-05-01), MFDS class 396; supported oral classes only"
"위디앙정10밀리그램","Empagliflozin","SGLT2_EM","10mg","265","2026-05-01","HIRA reimbursed drug list (effective 2026-05-01), MFDS class 396; supported oral classes only"
"위디앙정25밀리그램","Empagliflozin","SGLT2_EM","25mg","347","2026-05-01","HIRA reimbursed drug list (effective 2026-05-01), MFDS class 396; supported oral classes only"
"윈글리엠정1/250밀리그램","Glimepiride + Metformin HCl","SU+MET","1mg/0.25g","132","2026-05-01","HIRA reimbursed drug list (effective 2026-05-01), MFDS class 396; supported oral classes only"
"윈글리엠정2/500밀리그램","Glimepiride + Metformin HCl","SU+MET","2mg/0.5g","197","2026-05-01","HIRA reimbursed drug list (effective 2026-05-01), MFDS class 396; supported oral classes only"
"유글렉스정2밀리그램","Glimepiride","SU","2mg","183","2026-05-01","HIRA reimbursed drug list (effective 2026-05-01), MFDS class 396; supported oral classes only"
"유니마릴정","Glimepiride","SU","2mg","185","2026-05-01","HIRA reimbursed drug list (effective 2026-05-01), MFDS class 396; supported oral classes only"
"유다파듀오서방정10/1000밀리그램","Dapagliflozin + Metformin HCl","SGLT2_DA+MET","10mg/1g","512","2026-05-01","HIRA reimbursed drug list (effective 2026-05-01), MFDS class 396; supported oral classes only"
"유다파듀오서방정10/500밀리그램","Dapagliflozin + Metformin HCl","SGLT2_DA+MET","10mg/0.5g","473","2026-05-01","HIRA reimbursed drug list (effective 2026-05-01), MFDS class 396; supported oral classes only"
"유다파정10밀리그램","Dapagliflozin","SGLT2_DA","10mg","393","2026-05-01","HIRA reimbursed drug list (effective 2026-05-01), MFDS class 396; supported oral classes only"
"유시다파정10/100밀리그램","Dapagliflozin + Sitagliptin","SGLT2_DA+DPP4","10mg/0.1g","846","2026-05-01","HIRA reimbursed drug list (effective 2026-05-01), MFDS class 396; supported oral classes only"
"유시타메트엑스알서방정100/1000밀리그램","Metformin HCl + Sitagliptin","MET+DPP4","1g/0.1g","572","2026-05-01","HIRA reimbursed drug list (effective 2026-05-01), MFDS class 396; supported oral classes only"
"유시타메트엑스알서방정50/1000밀리그램","Metformin HCl + Sitagliptin","MET+DPP4","1g/50mg","420","2026-05-01","HIRA reimbursed drug list (effective 2026-05-01), MFDS class 396; supported oral classes only"
"유시타메트엑스알서방정50/500밀리그램","Metformin HCl + Sitagliptin","MET+DPP4","0.5g/50mg","381","2026-05-01","HIRA reimbursed drug list (effective 2026-05-01), MFDS class 396; supported oral classes only"
"유시타메트정50/1000밀리그램","Metformin HCl + Sitagliptin","MET+DPP4","1g/50mg","377","2026-05-01","HIRA reimbursed drug list (effective 2026-05-01), MFDS class 396; supported oral classes only"
"유시타메트정50/500밀리그램","Metformin HCl + Sitagliptin","MET+DPP4","0.5g/50mg","371","2026-05-01","HIRA reimbursed drug list (effective 2026-05-01), MFDS class 396; supported oral classes only"
"유시타메트정50/850밀리그램","Metformin HCl + Sitagliptin","MET+DPP4","0.85g/50mg","371","2026-05-01","HIRA reimbursed drug list (effective 2026-05-01), MFDS class 396; supported oral classes only"
"유시타정100밀리그램","Sitagliptin","DPP4","0.1g","453","2026-05-01","HIRA reimbursed drug list (effective 2026-05-01), MFDS class 396; supported oral classes only"
"유시타정50밀리그램","Sitagliptin","DPP4","50mg","301","2026-05-01","HIRA reimbursed drug list (effective 2026-05-01), MFDS class 396; supported oral classes only"
"유테네엠서방정10/500밀리그램","Metformin HCl + Teneligliptin","MET+DPP4","0.5g/10mg","334","2026-05-01","HIRA reimbursed drug list (effective 2026-05-01), MFDS class 396; supported oral classes only"
"유테네엠서방정10/750밀리그램","Metformin HCl + Teneligliptin","MET+DPP4","0.75g/10mg","334","2026-05-01","HIRA reimbursed drug list (effective 2026-05-01), MFDS class 396; supported oral classes only"
"유테네엠서방정20/1000밀리그램","Metformin HCl + Teneligliptin","MET+DPP4","1g/20mg","665","2026-05-01","HIRA reimbursed drug list (effective 2026-05-01), MFDS class 396; supported oral classes only"
"유테네정20밀리그램","Teneligliptin","DPP4","20mg","665","2026-05-01","HIRA reimbursed drug list (effective 2026-05-01), MFDS class 396; supported oral classes only"
"유한메트포르민서방정1000밀리그램","Metformin HCl","MET","1g","222","2026-05-01","HIRA reimbursed drug list (effective 2026-05-01), MFDS class 396; supported oral classes only"
"유한메트포르민서방정500mg","Metformin HCl","MET","0.5g","90","2026-05-01","HIRA reimbursed drug list (effective 2026-05-01), MFDS class 396; supported oral classes only"
"유한메트포르민서방정750mg","Metformin HCl","MET","0.75g","107","2026-05-01","HIRA reimbursed drug list (effective 2026-05-01), MFDS class 396; supported oral classes only"
"유한메트포르민염산염정1000밀리그램","Metformin HCl","MET","1g","118","2026-05-01","HIRA reimbursed drug list (effective 2026-05-01), MFDS class 396; supported oral classes only"
"유한메트포르민염산염정500밀리그램","Metformin HCl","MET","0.5g","70","2026-05-01","HIRA reimbursed drug list (effective 2026-05-01), MFDS class 396; supported oral classes only"
"유한메트포르민염산염정850밀리그램","Metformin HCl","MET","0.85g","101","2026-05-01","HIRA reimbursed drug list (effective 2026-05-01), MFDS class 396; supported oral classes only"
"유한엠메트서방정10/1000밀리그램","Empagliflozin + Metformin HCl","SGLT2_EM+MET","10mg/1g","431","2026-05-01","HIRA reimbursed drug list (effective 2026-05-01), MFDS class 396; supported oral classes only"
"유한엠메트서방정25/1000밀리그램","Empagliflozin + Metformin HCl","SGLT2_EM+MET","25mg/1g","527","2026-05-01","HIRA reimbursed drug list (effective 2026-05-01), MFDS class 396; supported oral classes only"
"이글렉스정0.3밀리그램","Enavogliflozin","SGLT2_EN","0.3mg","611","2026-05-01","HIRA reimbursed drug list (effective 2026-05-01), MFDS class 396; supported oral classes only"
"이글리드정","Glimepiride","SU","2mg","157","2026-05-01","HIRA reimbursed drug list (effective 2026-05-01), MFDS class 396; supported oral classes only"
"이글립틴아이알정50/1000밀리그램","Metformin HCl + Sitagliptin","MET+DPP4","1g/50mg","377","2026-05-01","HIRA reimbursed drug list (effective 2026-05-01), MFDS class 396; supported oral classes only"
"이글립틴아이알정50/500밀리그램","Metformin HCl + Sitagliptin","MET+DPP4","0.5g/50mg","371","2026-05-01","HIRA reimbursed drug list (effective 2026-05-01), MFDS class 396; supported oral classes only"
"이글립틴아이알정50/850밀리그램","Metformin HCl + Sitagliptin","MET+DPP4","0.85g/50mg","371","2026-05-01","HIRA reimbursed drug list (effective 2026-05-01), MFDS class 396; supported oral classes only"
"이글립틴엑스알서방정100/1000밀리그램","Metformin HCl + Sitagliptin","MET+DPP4","1g/0.1g","572","2026-05-01","HIRA reimbursed drug list (effective 2026-05-01), MFDS class 396; supported oral classes only"
"이글립틴엑스알서방정50/1000밀리그램","Metformin HCl + Sitagliptin","MET+DPP4","1g/50mg","420","2026-05-01","HIRA reimbursed drug list (effective 2026-05-01), MFDS class 396; supported oral classes only"
"이글립틴엑스알서방정50/500밀리그램","Metformin HCl + Sitagliptin","MET+DPP4","0.5g/50mg","381","2026-05-01","HIRA reimbursed drug list (effective 2026-05-01), MFDS class 396; supported oral classes only"
"이글립틴정100밀리그램","Sitagliptin","DPP4","0.1g","453","2026-05-01","HIRA reimbursed drug list (effective 2026-05-01), MFDS class 396; supported oral classes only"
"이글립틴정25밀리그램","Sitagliptin","DPP4","25mg","200","2026-05-01","HIRA reimbursed drug list (effective 2026-05-01), MFDS class 396; supported oral classes only"
"이글립틴정50밀리그램","Sitagliptin","DPP4","50mg","301","2026-05-01","HIRA reimbursed drug list (effective 2026-05-01), MFDS class 396; supported oral classes only"
"이엠파정10밀리그램","Empagliflozin","SGLT2_EM","10mg","265","2026-05-01","HIRA reimbursed drug list (effective 2026-05-01), MFDS class 396; supported oral classes only"
"이엠파정25밀리그램","Empagliflozin","SGLT2_EM","25mg","347","2026-05-01","HIRA reimbursed drug list (effective 2026-05-01), MFDS class 396; supported oral classes only"
"이텍스글리클라짓정","Gliclazide","SU","80mg","93","2026-05-01","HIRA reimbursed drug list (effective 2026-05-01), MFDS class 396; supported oral classes only"
"일성글리메피리드정2밀리그람","Glimepiride","SU","2mg","185","2026-05-01","HIRA reimbursed drug list (effective 2026-05-01), MFDS class 396; supported oral classes only"
"일성글리메피리드정4밀리그램","Glimepiride","SU","4mg","241","2026-05-01","HIRA reimbursed drug list (effective 2026-05-01), MFDS class 396; supported oral classes only"
"일양다파글리플로진정10밀리그램","Dapagliflozin","SGLT2_DA","10mg","334","2026-05-01","HIRA reimbursed drug list (effective 2026-05-01), MFDS class 396; supported oral classes only"
"자누가정10/100밀리그램","Dapagliflozin + Sitagliptin","SGLT2_DA+DPP4","10mg/0.1g","846","2026-05-01","HIRA reimbursed drug list (effective 2026-05-01), MFDS class 396; supported oral classes only"
"자누그린듀오정50/1000밀리그램","Metformin HCl + Sitagliptin","MET+DPP4","1g/50mg","377","2026-05-01","HIRA reimbursed drug list (effective 2026-05-01), MFDS class 396; supported oral classes only"
"자누그린듀오정50/500밀리그램","Metformin HCl + Sitagliptin","MET+DPP4","0.5g/50mg","371","2026-05-01","HIRA reimbursed drug list (effective 2026-05-01), MFDS class 396; supported oral classes only"
"자누그린듀오정50/850밀리그램","Metformin HCl + Sitagliptin","MET+DPP4","0.85g/50mg","371","2026-05-01","HIRA reimbursed drug list (effective 2026-05-01), MFDS class 396; supported oral classes only"
"자누그린정100밀리그램","Sitagliptin","DPP4","0.1g","453","2026-05-01","HIRA reimbursed drug list (effective 2026-05-01), MFDS class 396; supported oral classes only"
"자누그린정25밀리그램","Sitagliptin","DPP4","25mg","200","2026-05-01","HIRA reimbursed drug list (effective 2026-05-01), MFDS class 396; supported oral classes only"
"자누그린정50밀리그램","Sitagliptin","DPP4","50mg","301","2026-05-01","HIRA reimbursed drug list (effective 2026-05-01), MFDS class 396; supported oral classes only"
"자누그립틴듀오엑스알서방정100/1000밀리그램","Metformin HCl + Sitagliptin","MET+DPP4","1g/0.1g","572","2026-05-01","HIRA reimbursed drug list (effective 2026-05-01), MFDS class 396; supported oral classes only"
"자누그립틴듀오엑스알서방정50/1000밀리그램","Metformin HCl + Sitagliptin","MET+DPP4","1g/50mg","420","2026-05-01","HIRA reimbursed drug list (effective 2026-05-01), MFDS class 396; supported oral classes only"
"자누그립틴듀오엑스알서방정50/500밀리그램","Metformin HCl + Sitagliptin","MET+DPP4","0.5g/50mg","381","2026-05-01","HIRA reimbursed drug list (effective 2026-05-01), MFDS class 396; supported oral classes only"
"자누그립틴듀오정50/1000밀리그램","Metformin HCl + Sitagliptin","MET+DPP4","1g/50mg","377","2026-05-01","HIRA reimbursed drug list (effective 2026-05-01), MFDS class 396; supported oral classes only"
"자누그립틴정100밀리그램","Sitagliptin","DPP4","0.1g","453","2026-05-01","HIRA reimbursed drug list (effective 2026-05-01), MFDS class 396; supported oral classes only"
"자누그립틴정50밀리그램","Sitagliptin","DPP4","50mg","301","2026-05-01","HIRA reimbursed drug list (effective 2026-05-01), MFDS class 396; supported oral classes only"
"자누글루엠엑스알서방정100/1000밀리그램","Metformin HCl + Sitagliptin","MET+DPP4","1g/0.1g","572","2026-05-01","HIRA reimbursed drug list (effective 2026-05-01), MFDS class 396; supported oral classes only"
"자누글루엠엑스알서방정50/1000밀리그램","Metformin HCl + Sitagliptin","MET+DPP4","1g/50mg","420","2026-05-01","HIRA reimbursed drug list (effective 2026-05-01), MFDS class 396; supported oral classes only"
"자누글루엠엑스알서방정50/500밀리그램","Metformin HCl + Sitagliptin","MET+DPP4","0.5g/50mg","381","2026-05-01","HIRA reimbursed drug list (effective 2026-05-01), MFDS class 396; supported oral classes only"
"자누글루엠정50/1000밀리그램","Metformin HCl + Sitagliptin","MET+DPP4","1g/50mg","377","2026-05-01","HIRA reimbursed drug list (effective 2026-05-01), MFDS class 396; supported oral classes only"
"자누글루엠정50/500밀리그램","Metformin HCl + Sitagliptin","MET+DPP4","0.5g/50mg","371","2026-05-01","HIRA reimbursed drug list (effective 2026-05-01), MFDS class 396; supported oral classes only"
"자누글루엠정50/850밀리그램","Metformin HCl + Sitagliptin","MET+DPP4","0.85g/50mg","371","2026-05-01","HIRA reimbursed drug list (effective 2026-05-01), MFDS class 396; supported oral classes only"
"자누글루정100밀리그램","Sitagliptin","DPP4","0.1g","453","2026-05-01","HIRA reimbursed drug list (effective 2026-05-01), MFDS class 396; supported oral classes only"
"자누글루정50밀리그램","Sitagliptin","DPP4","50mg","301","2026-05-01","HIRA reimbursed drug list (effective 2026-05-01), MFDS class 396; supported oral classes only"
"자누글리아정100밀리그램","Sitagliptin","DPP4","0.1g","453","2026-05-01","HIRA reimbursed drug list (effective 2026-05-01), MFDS class 396; supported oral classes only"
"자누글리아정25밀리그램","Sitagliptin","DPP4","25mg","200","2026-05-01","HIRA reimbursed drug list (effective 2026-05-01), MFDS class 396; supported oral classes only"
"자누글리아정50밀리그램","Sitagliptin","DPP4","50mg","301","2026-05-01","HIRA reimbursed drug list (effective 2026-05-01), MFDS class 396; supported oral classes only"
"자누글립정100밀리그램","Sitagliptin","DPP4","0.1g","453","2026-05-01","HIRA reimbursed drug list (effective 2026-05-01), MFDS class 396; supported oral classes only"
"자누글립정50밀리그램","Sitagliptin","DPP4","50mg","301","2026-05-01","HIRA reimbursed drug list (effective 2026-05-01), MFDS class 396; supported oral classes only"
"자누글립틴메트정50/1000밀리그램","Metformin HCl + Sitagliptin","MET+DPP4","1g/50mg","377","2026-05-01","HIRA reimbursed drug list (effective 2026-05-01), MFDS class 396; supported oral classes only"
"자누글립틴메트정50/500밀리그램","Metformin HCl + Sitagliptin","MET+DPP4","0.5g/50mg","371","2026-05-01","HIRA reimbursed drug list (effective 2026-05-01), MFDS class 396; supported oral classes only"
"자누글립틴메트정50/850밀리그램","Metformin HCl + Sitagliptin","MET+DPP4","0.85g/50mg","371","2026-05-01","HIRA reimbursed drug list (effective 2026-05-01), MFDS class 396; supported oral classes only"
"자누다움엠엑스알서방정100/1000밀리그램","Metformin HCl + Sitagliptin","MET+DPP4","1g/0.1g","572","2026-05-01","HIRA reimbursed drug list (effective 2026-05-01), MFDS class 396; supported oral classes only"
"자누다움엠엑스알서방정50/1000밀리그램","Metformin HCl + Sitagliptin","MET+DPP4","1g/50mg","420","2026-05-01","HIRA reimbursed drug list (effective 2026-05-01), MFDS class 396; supported oral classes only"
"자누다움엠엑스알서방정50/500밀리그램","Metformin HCl + Sitagliptin","MET+DPP4","0.5g/50mg","381","2026-05-01","HIRA reimbursed drug list (effective 2026-05-01), MFDS class 396; supported oral classes only"
"자누다움엠정50/1000밀리그램","Metformin HCl + Sitagliptin","MET+DPP4","1g/50mg","377","2026-05-01","HIRA reimbursed drug list (effective 2026-05-01), MFDS class 396; supported oral classes only"
"자누다움엠정50/500밀리그램","Metformin HCl + Sitagliptin","MET+DPP4","0.5g/50mg","371","2026-05-01","HIRA reimbursed drug list (effective 2026-05-01), MFDS class 396; supported oral classes only"
"자누다움엠정50/850밀리그램","Metformin HCl + Sitagliptin","MET+DPP4","0.85g/50mg","371","2026-05-01","HIRA reimbursed drug list (effective 2026-05-01), MFDS class 396; supported oral classes only"
"자누다움정100밀리그램","Sitagliptin","DPP4","0.1g","453","2026-05-01","HIRA reimbursed drug list (effective 2026-05-01), MFDS class 396; supported oral classes only"
"자누다움정25밀리그램","Sitagliptin","DPP4","25mg","200","2026-05-01","HIRA reimbursed drug list (effective 2026-05-01), MFDS class 396; supported oral classes only"
"자누다움정50밀리그램","Sitagliptin","DPP4","50mg","301","2026-05-01","HIRA reimbursed drug list (effective 2026-05-01), MFDS class 396; supported oral classes only"
"자누다진정10/100밀리그램","Dapagliflozin + Sitagliptin","SGLT2_DA+DPP4","10mg/0.1g","846","2026-05-01","HIRA reimbursed drug list (effective 2026-05-01), MFDS class 396; supported oral classes only"
"자누다파정10/100밀리그램","Dapagliflozin + Sitagliptin","SGLT2_DA+DPP4","10mg/0.1g","846","2026-05-01","HIRA reimbursed drug list (effective 2026-05-01), MFDS class 396; supported oral classes only"
"자누디엠서방정100/1000밀리그램","Metformin HCl + Sitagliptin","MET+DPP4","1g/0.1g","572","2026-05-01","HIRA reimbursed drug list (effective 2026-05-01), MFDS class 396; supported oral classes only"
"자누디엠서방정50/1000밀리그램","Metformin HCl + Sitagliptin","MET+DPP4","1g/50mg","420","2026-05-01","HIRA reimbursed drug list (effective 2026-05-01), MFDS class 396; supported oral classes only"
"자누디엠서방정50/500밀리그램","Metformin HCl + Sitagliptin","MET+DPP4","0.5g/50mg","381","2026-05-01","HIRA reimbursed drug list (effective 2026-05-01), MFDS class 396; supported oral classes only"
"자누디엠정50/1000밀리그램","Metformin HCl + Sitagliptin","MET+DPP4","1g/50mg","377","2026-05-01","HIRA reimbursed drug list (effective 2026-05-01), MFDS class 396; supported oral classes only"
"자누디엠정50/500밀리그램","Metformin HCl + Sitagliptin","MET+DPP4","0.5g/50mg","371","2026-05-01","HIRA reimbursed drug list (effective 2026-05-01), MFDS class 396; supported oral classes only"
"자누디엠정50/850밀리그램","Metformin HCl + Sitagliptin","MET+DPP4","0.85g/50mg","371","2026-05-01","HIRA reimbursed drug list (effective 2026-05-01), MFDS class 396; supported oral classes only"
"자누디정100밀리그램","Sitagliptin","DPP4","0.1g","453","2026-05-01","HIRA reimbursed drug list (effective 2026-05-01), MFDS class 396; supported oral classes only"
"자누디정25밀리그램","Sitagliptin","DPP4","25mg","200","2026-05-01","HIRA reimbursed drug list (effective 2026-05-01), MFDS class 396; supported oral classes only"
"자누디정50밀리그램","Sitagliptin","DPP4","50mg","301","2026-05-01","HIRA reimbursed drug list (effective 2026-05-01), MFDS class 396; supported oral classes only"
"자누로디정100밀리그램","Sitagliptin","DPP4","0.1g","453","2026-05-01","HIRA reimbursed drug list (effective 2026-05-01), MFDS class 396; supported oral classes only"
"자누로디정25밀리그램","Sitagliptin","DPP4","25mg","200","2026-05-01","HIRA reimbursed drug list (effective 2026-05-01), MFDS class 396; supported oral classes only"
"자누로디정50밀리그램","Sitagliptin","DPP4","50mg","301","2026-05-01","HIRA reimbursed drug list (effective 2026-05-01), MFDS class 396; supported oral classes only"
"자누리틴정100밀리그램","Sitagliptin","DPP4","0.1g","453","2026-05-01","HIRA reimbursed drug list (effective 2026-05-01), MFDS class 396; supported oral classes only"
"자누리틴정25밀리그램","Sitagliptin","DPP4","25mg","200","2026-05-01","HIRA reimbursed drug list (effective 2026-05-01), MFDS class 396; supported oral classes only"
"자누리틴정50밀리그램","Sitagliptin","DPP4","50mg","301","2026-05-01","HIRA reimbursed drug list (effective 2026-05-01), MFDS class 396; supported oral classes only"
"자누리틴콤비서방정100/1000밀리그램","Metformin HCl + Sitagliptin","MET+DPP4","1g/0.1g","572","2026-05-01","HIRA reimbursed drug list (effective 2026-05-01), MFDS class 396; supported oral classes only"
"자누리틴콤비서방정50/1000밀리그램","Metformin HCl + Sitagliptin","MET+DPP4","1g/50mg","420","2026-05-01","HIRA reimbursed drug list (effective 2026-05-01), MFDS class 396; supported oral classes only"
"자누리틴콤비서방정50/500 밀리그램","Metformin HCl + Sitagliptin","MET+DPP4","0.5g/50mg","371","2026-05-01","HIRA reimbursed drug list (effective 2026-05-01), MFDS class 396; supported oral classes only"
"자누리틴콤비서방정50/750 밀리그램","Metformin HCl + Sitagliptin","MET+DPP4","0.75g/50mg","371","2026-05-01","HIRA reimbursed drug list (effective 2026-05-01), MFDS class 396; supported oral classes only"
"자누리틴콤비정50/1000밀리그램","Metformin HCl + Sitagliptin","MET+DPP4","1g/50mg","377","2026-05-01","HIRA reimbursed drug list (effective 2026-05-01), MFDS class 396; supported oral classes only"
"자누리틴콤비정50/500밀리그램","Metformin HCl + Sitagliptin","MET+DPP4","0.5g/50mg","371","2026-05-01","HIRA reimbursed drug list (effective 2026-05-01), MFDS class 396; supported oral classes only"
"자누리틴콤비정50/850밀리그램","Metformin HCl + Sitagliptin","MET+DPP4","0.85g/50mg","371","2026-05-01","HIRA reimbursed drug list (effective 2026-05-01), MFDS class 396; supported oral classes only"
"자누맥스엠엑스알서방정100/1000밀리그램","Metformin HCl + Sitagliptin","MET+DPP4","1g/0.1g","572","2026-05-01","HIRA reimbursed drug list (effective 2026-05-01), MFDS class 396; supported oral classes only"
"자누맥스엠엑스알서방정50/1000밀리그램","Metformin HCl + Sitagliptin","MET+DPP4","1g/50mg","420","2026-05-01","HIRA reimbursed drug list (effective 2026-05-01), MFDS class 396; supported oral classes only"
"자누맥스엠엑스알서방정50/500밀리그램","Metformin HCl + Sitagliptin","MET+DPP4","0.5g/50mg","381","2026-05-01","HIRA reimbursed drug list (effective 2026-05-01), MFDS class 396; supported oral classes only"
"자누맥스엠정50/1000밀리그램","Metformin HCl + Sitagliptin","MET+DPP4","1g/50mg","410","2026-05-01","HIRA reimbursed drug list (effective 2026-05-01), MFDS class 396; supported oral classes only"
"자누맥스엠정50/500밀리그램","Metformin HCl + Sitagliptin","MET+DPP4","0.5g/50mg","385","2026-05-01","HIRA reimbursed drug list (effective 2026-05-01), MFDS class 396; supported oral classes only"
"자누맥스엠정50/850밀리그램","Metformin HCl + Sitagliptin","MET+DPP4","0.85g/50mg","403","2026-05-01","HIRA reimbursed drug list (effective 2026-05-01), MFDS class 396; supported oral classes only"
"자누맥스정100밀리그램","Sitagliptin","DPP4","0.1g","453","2026-05-01","HIRA reimbursed drug list (effective 2026-05-01), MFDS class 396; supported oral classes only"
"자누맥스정25밀리그램","Sitagliptin","DPP4","25mg","200","2026-05-01","HIRA reimbursed drug list (effective 2026-05-01), MFDS class 396; supported oral classes only"
"자누맥스정50밀리그램","Sitagliptin","DPP4","50mg","301","2026-05-01","HIRA reimbursed drug list (effective 2026-05-01), MFDS class 396; supported oral classes only"
"자누메트엑스알서방정100/1000밀리그램","Metformin HCl + Sitagliptin","MET+DPP4","1g/0.1g","572","2026-05-01","HIRA reimbursed drug list (effective 2026-05-01), MFDS class 396; supported oral classes only"
"자누메트엑스알서방정50/1000밀리그램","Metformin HCl + Sitagliptin","MET+DPP4","1g/50mg","420","2026-05-01","HIRA reimbursed drug list (effective 2026-05-01), MFDS class 396; supported oral classes only"
"자누메트엑스알서방정50/500밀리그램","Metformin HCl + Sitagliptin","MET+DPP4","0.5g/50mg","381","2026-05-01","HIRA reimbursed drug list (effective 2026-05-01), MFDS class 396; supported oral classes only"
"자누메트정50/1000밀리그램","Metformin HCl + Sitagliptin","MET+DPP4","1g/50mg","410","2026-05-01","HIRA reimbursed drug list (effective 2026-05-01), MFDS class 396; supported oral classes only"
"자누메트정50/500밀리그램","Metformin HCl + Sitagliptin","MET+DPP4","0.5g/50mg","385","2026-05-01","HIRA reimbursed drug list (effective 2026-05-01), MFDS class 396; supported oral classes only"
"자누메트정50/850밀리그램","Metformin HCl + Sitagliptin","MET+DPP4","0.85g/50mg","403","2026-05-01","HIRA reimbursed drug list (effective 2026-05-01), MFDS class 396; supported oral classes only"
"자누메티아엑스알서방정100/1000밀리그램","Metformin HCl + Sitagliptin","MET+DPP4","1g/0.1g","572","2026-05-01","HIRA reimbursed drug list (effective 2026-05-01), MFDS class 396; supported oral classes only"
"자누메티아엑스알서방정50/1000밀리그램","Metformin HCl + Sitagliptin","MET+DPP4","1g/50mg","420","2026-05-01","HIRA reimbursed drug list (effective 2026-05-01), MFDS class 396; supported oral classes only"
"자누메티아엑스알서방정50/500밀리그램","Metformin HCl + Sitagliptin","MET+DPP4","0.5g/50mg","381","2026-05-01","HIRA reimbursed drug list (effective 2026-05-01), MFDS class 396; supported oral classes only"
"자누메티아정50/1000밀리그램","Metformin HCl + Sitagliptin","MET+DPP4","1g/50mg","377","2026-05-01","HIRA reimbursed drug list (effective 2026-05-01), MFDS class 396; supported oral classes only"
"자누메티아정50/500밀리그램","Metformin HCl + Sitagliptin","MET+DPP4","0.5g/50mg","371","2026-05-01","HIRA reimbursed drug list (effective 2026-05-01), MFDS class 396; supported oral classes only"
"자누메티아정50/850밀리그램","Metformin HCl + Sitagliptin","MET+DPP4","0.85g/50mg","371","2026-05-01","HIRA reimbursed drug list (effective 2026-05-01), MFDS class 396; supported oral classes only"
"자누믹스정50/1000밀리그램","Metformin HCl + Sitagliptin","MET+DPP4","1g/50mg","410","2026-05-01","HIRA reimbursed drug list (effective 2026-05-01), MFDS class 396; supported oral classes only"
"자누믹스정50/500밀리그램","Metformin HCl + Sitagliptin","MET+DPP4","0.5g/50mg","385","2026-05-01","HIRA reimbursed drug list (effective 2026-05-01), MFDS class 396; supported oral classes only"
"자누믹스정50/850밀리그램","Metformin HCl + Sitagliptin","MET+DPP4","0.85g/50mg","403","2026-05-01","HIRA reimbursed drug list (effective 2026-05-01), MFDS class 396; supported oral classes only"
"자누벡스정50/1000밀리그램","Metformin HCl + Sitagliptin","MET+DPP4","1g/50mg","377","2026-05-01","HIRA reimbursed drug list (effective 2026-05-01), MFDS class 396; supported oral classes only"
"자누벡스정50/500밀리그램","Metformin HCl + Sitagliptin","MET+DPP4","0.5g/50mg","371","2026-05-01","HIRA reimbursed drug list (effective 2026-05-01), MFDS class 396; supported oral classes only"
"자누벡스정50/850밀리그램","Metformin HCl + Sitagliptin","MET+DPP4","0.85g/50mg","371","2026-05-01","HIRA reimbursed drug list (effective 2026-05-01), MFDS class 396; supported oral classes only"
"자누비아정100밀리그램","Sitagliptin","DPP4","0.1g","453","2026-05-01","HIRA reimbursed drug list (effective 2026-05-01), MFDS class 396; supported oral classes only"
"자누비아정25밀리그램","Sitagliptin","DPP4","25mg","200","2026-05-01","HIRA reimbursed drug list (effective 2026-05-01), MFDS class 396; supported oral classes only"
"자누비아정50밀리그램","Sitagliptin","DPP4","50mg","301","2026-05-01","HIRA reimbursed drug list (effective 2026-05-01), MFDS class 396; supported oral classes only"
"자누비포정10/100밀리그램","Dapagliflozin + Sitagliptin","SGLT2_DA+DPP4","10mg/0.1g","846","2026-05-01","HIRA reimbursed drug list (effective 2026-05-01), MFDS class 396; supported oral classes only"
"자누스듀오정50/1000밀리그램","Metformin HCl + Sitagliptin","MET+DPP4","1g/50mg","349","2026-05-01","HIRA reimbursed drug list (effective 2026-05-01), MFDS class 396; supported oral classes only"
"자누스듀오정50/500밀리그램","Metformin HCl + Sitagliptin","MET+DPP4","0.5g/50mg","327","2026-05-01","HIRA reimbursed drug list (effective 2026-05-01), MFDS class 396; supported oral classes only"
"자누스듀오정50/850밀리그램","Metformin HCl + Sitagliptin","MET+DPP4","0.85g/50mg","343","2026-05-01","HIRA reimbursed drug list (effective 2026-05-01), MFDS class 396; supported oral classes only"
"자누스정100밀리그램","Sitagliptin","DPP4","0.1g","385","2026-05-01","HIRA reimbursed drug list (effective 2026-05-01), MFDS class 396; supported oral classes only"
"자누스정25밀리그램","Sitagliptin","DPP4","25mg","170","2026-05-01","HIRA reimbursed drug list (effective 2026-05-01), MFDS class 396; supported oral classes only"
"자누스정50밀리그램","Sitagliptin","DPP4","50mg","256","2026-05-01","HIRA reimbursed drug list (effective 2026-05-01), MFDS class 396; supported oral classes only"
"자누스틴듀오정10/100밀리그램","Dapagliflozin + Sitagliptin","SGLT2_DA+DPP4","10mg/0.1g","846","2026-05-01","HIRA reimbursed drug list (effective 2026-05-01), MFDS class 396; supported oral classes only"
"자누스틴메트엑스알서방정100/1000밀리그램","Metformin HCl + Sitagliptin","MET+DPP4","1g/0.1g","572","2026-05-01","HIRA reimbursed drug list (effective 2026-05-01), MFDS class 396; supported oral classes only"
"자누스틴메트엑스알서방정50/1000밀리그램","Metformin HCl + Sitagliptin","MET+DPP4","1g/50mg","420","2026-05-01","HIRA reimbursed drug list (effective 2026-05-01), MFDS class 396; supported oral classes only"
"자누스틴메트엑스알서방정50/500밀리그램","Metformin HCl + Sitagliptin","MET+DPP4","0.5g/50mg","381","2026-05-01","HIRA reimbursed drug list (effective 2026-05-01), MFDS class 396; supported oral classes only"
"자누스틴메트정50/1000밀리그램","Metformin HCl + Sitagliptin","MET+DPP4","1g/50mg","377","2026-05-01","HIRA reimbursed drug list (effective 2026-05-01), MFDS class 396; supported oral classes only"
"자누스틴메트정50/500밀리그램","Metformin HCl + Sitagliptin","MET+DPP4","0.5g/50mg","371","2026-05-01","HIRA reimbursed drug list (effective 2026-05-01), MFDS class 396; supported oral classes only"
"자누스틴메트정50/850밀리그램","Metformin HCl + Sitagliptin","MET+DPP4","0.85g/50mg","371","2026-05-01","HIRA reimbursed drug list (effective 2026-05-01), MFDS class 396; supported oral classes only"
"자누스틴정100밀리그램","Sitagliptin","DPP4","0.1g","453","2026-05-01","HIRA reimbursed drug list (effective 2026-05-01), MFDS class 396; supported oral classes only"
"자누스틴정25밀리그램","Sitagliptin","DPP4","25mg","200","2026-05-01","HIRA reimbursed drug list (effective 2026-05-01), MFDS class 396; supported oral classes only"
"자누스틴정50밀리그램","Sitagliptin","DPP4","50mg","301","2026-05-01","HIRA reimbursed drug list (effective 2026-05-01), MFDS class 396; supported oral classes only"
"자누아린듀오정50/1000밀리그램","Metformin HCl + Sitagliptin","MET+DPP4","1g/50mg","377","2026-05-01","HIRA reimbursed drug list (effective 2026-05-01), MFDS class 396; supported oral classes only"
"자누아린듀오정50/500밀리그램","Metformin HCl + Sitagliptin","MET+DPP4","0.5g/50mg","371","2026-05-01","HIRA reimbursed drug list (effective 2026-05-01), MFDS class 396; supported oral classes only"
"자누아린듀오정50/850밀리그램","Metformin HCl + Sitagliptin","MET+DPP4","0.85g/50mg","371","2026-05-01","HIRA reimbursed drug list (effective 2026-05-01), MFDS class 396; supported oral classes only"
"자누아린정100밀리그램","Sitagliptin","DPP4","0.1g","453","2026-05-01","HIRA reimbursed drug list (effective 2026-05-01), MFDS class 396; supported oral classes only"
"자누아린정50밀리그램","Sitagliptin","DPP4","50mg","301","2026-05-01","HIRA reimbursed drug list (effective 2026-05-01), MFDS class 396; supported oral classes only"
"자누아틴듀오서방정100/1000밀리그램","Metformin HCl + Sitagliptin","MET+DPP4","1g/0.1g","572","2026-05-01","HIRA reimbursed drug list (effective 2026-05-01), MFDS class 396; supported oral classes only"
"자누아틴듀오서방정50/1000밀리그램","Metformin HCl + Sitagliptin","MET+DPP4","1g/50mg","420","2026-05-01","HIRA reimbursed drug list (effective 2026-05-01), MFDS class 396; supported oral classes only"
"자누아틴듀오서방정50/500밀리그램","Metformin HCl + Sitagliptin","MET+DPP4","0.5g/50mg","381","2026-05-01","HIRA reimbursed drug list (effective 2026-05-01), MFDS class 396; supported oral classes only"
"자누아틴듀오정50/1000밀리그램","Metformin HCl + Sitagliptin","MET+DPP4","1g/50mg","377","2026-05-01","HIRA reimbursed drug list (effective 2026-05-01), MFDS class 396; supported oral classes only"
"자누아틴듀오정50/500밀리그램","Metformin HCl + Sitagliptin","MET+DPP4","0.5g/50mg","371","2026-05-01","HIRA reimbursed drug list (effective 2026-05-01), MFDS class 396; supported oral classes only"
"자누아틴듀오정50/850밀리그램","Metformin HCl + Sitagliptin","MET+DPP4","0.85g/50mg","371","2026-05-01","HIRA reimbursed drug list (effective 2026-05-01), MFDS class 396; supported oral classes only"
"자누아틴정100밀리그램","Sitagliptin","DPP4","0.1g","453","2026-05-01","HIRA reimbursed drug list (effective 2026-05-01), MFDS class 396; supported oral classes only"
"자누아틴정50밀리그램","Sitagliptin","DPP4","50mg","301","2026-05-01","HIRA reimbursed drug list (effective 2026-05-01), MFDS class 396; supported oral classes only"
"자누액토정100/15밀리그램","Pioglitazone + Sitagliptin","TZD+DPP4","15mg/0.1g","1101","2026-05-01","HIRA reimbursed drug list (effective 2026-05-01), MFDS class 396; supported oral classes only"
"자누액토정100/30밀리그램","Pioglitazone + Sitagliptin","TZD+DPP4","30mg/0.1g","1393","2026-05-01","HIRA reimbursed drug list (effective 2026-05-01), MFDS class 396; supported oral classes only"
"자누에스정100밀리그램","Sitagliptin","DPP4","0.1g","453","2026-05-01","HIRA reimbursed drug list (effective 2026-05-01), MFDS class 396; supported oral classes only"
"자누에스정50밀리그램","Sitagliptin","DPP4","50mg","301","2026-05-01","HIRA reimbursed drug list (effective 2026-05-01), MFDS class 396; supported oral classes only"
"자누엑스알서방정100/1000밀리그램","Metformin HCl + Sitagliptin","MET+DPP4","1g/0.1g","572","2026-05-01","HIRA reimbursed drug list (effective 2026-05-01), MFDS class 396; supported oral classes only"
"자누엑스알서방정50/1000밀리그램","Metformin HCl + Sitagliptin","MET+DPP4","1g/50mg","420","2026-05-01","HIRA reimbursed drug list (effective 2026-05-01), MFDS class 396; supported oral classes only"
"자누엑스알서방정50/500밀리그램","Metformin HCl + Sitagliptin","MET+DPP4","0.5g/50mg","371","2026-05-01","HIRA reimbursed drug list (effective 2026-05-01), MFDS class 396; supported oral classes only"
"자누엠메트엑스알서방정100/1000밀리그램","Metformin HCl + Sitagliptin","MET+DPP4","1g/0.1g","572","2026-05-01","HIRA reimbursed drug list (effective 2026-05-01), MFDS class 396; supported oral classes only"
"자누엠메트엑스알서방정50/1000밀리그램","Metformin HCl + Sitagliptin","MET+DPP4","1g/50mg","420","2026-05-01","HIRA reimbursed drug list (effective 2026-05-01), MFDS class 396; supported oral classes only"
"자누엠메트엑스알서방정50/500밀리그램","Metformin HCl + Sitagliptin","MET+DPP4","0.5g/50mg","381","2026-05-01","HIRA reimbursed drug list (effective 2026-05-01), MFDS class 396; supported oral classes only"
"자누엠메트정50/1000밀리그램","Metformin HCl + Sitagliptin","MET+DPP4","1g/50mg","377","2026-05-01","HIRA reimbursed drug list (effective 2026-05-01), MFDS class 396; supported oral classes only"
"자누엠메트정50/500밀리그램","Metformin HCl + Sitagliptin","MET+DPP4","0.5g/50mg","371","2026-05-01","HIRA reimbursed drug list (effective 2026-05-01), MFDS class 396; supported oral classes only"
"자누엠메트정50/850밀리그램","Metformin HCl + Sitagliptin","MET+DPP4","0.85g/50mg","371","2026-05-01","HIRA reimbursed drug list (effective 2026-05-01), MFDS class 396; supported oral classes only"
"자누엠정100밀리그램","Sitagliptin","DPP4","0.1g","453","2026-05-01","HIRA reimbursed drug list (effective 2026-05-01), MFDS class 396; supported oral classes only"
"자누엠정25밀리그램","Sitagliptin","DPP4","25mg","200","2026-05-01","HIRA reimbursed drug list (effective 2026-05-01), MFDS class 396; supported oral classes only"
"자누엠정50밀리그램","Sitagliptin","DPP4","50mg","301","2026-05-01","HIRA reimbursed drug list (effective 2026-05-01), MFDS class 396; supported oral classes only"
"자누포정10/100밀리그램","Dapagliflozin + Sitagliptin","SGLT2_DA+DPP4","10mg/0.1g","846","2026-05-01","HIRA reimbursed drug list (effective 2026-05-01), MFDS class 396; supported oral classes only"
"자누프립정10/100밀리그램","Dapagliflozin + Sitagliptin","SGLT2_DA+DPP4","10mg/0.1g","846","2026-05-01","HIRA reimbursed drug list (effective 2026-05-01), MFDS class 396; supported oral classes only"
"자누플로멧서방정10/100/1000밀리그램","Dapagliflozin + Metformin HCl + Sitagliptin","SGLT2_DA+MET+DPP4","10mg/1g/0.1g","820","2026-05-01","HIRA reimbursed drug list (effective 2026-05-01), MFDS class 396; supported oral classes only"
"자누플로멧서방정5/50/1000밀리그램","Dapagliflozin + Metformin HCl + Sitagliptin","SGLT2_DA+MET+DPP4","5mg/1g/50mg","580","2026-05-01","HIRA reimbursed drug list (effective 2026-05-01), MFDS class 396; supported oral classes only"
"자누플로정10/100밀리그램","Dapagliflozin + Sitagliptin","SGLT2_DA+DPP4","10mg/0.1g","846","2026-05-01","HIRA reimbursed drug list (effective 2026-05-01), MFDS class 396; supported oral classes only"
"자누피오정100/15밀리그램","Pioglitazone + Sitagliptin","TZD+DPP4","15mg/0.1g","1101","2026-05-01","HIRA reimbursed drug list (effective 2026-05-01), MFDS class 396; supported oral classes only"
"자디메트정12.5/1000밀리그램","Empagliflozin + Metformin HCl","SGLT2_EM+MET","12.5mg/1g","365","2026-05-01","HIRA reimbursed drug list (effective 2026-05-01), MFDS class 396; supported oral classes only"
"자디메트정12.5/500밀리그램","Empagliflozin + Metformin HCl","SGLT2_EM+MET","12.5mg/0.5g","360","2026-05-01","HIRA reimbursed drug list (effective 2026-05-01), MFDS class 396; supported oral classes only"
"자디메트정12.5/850밀리그램","Empagliflozin + Metformin HCl","SGLT2_EM+MET","12.5mg/0.85g","360","2026-05-01","HIRA reimbursed drug list (effective 2026-05-01), MFDS class 396; supported oral classes only"
"자디메트정5/1000밀리그램","Empagliflozin + Metformin HCl","SGLT2_EM+MET","5mg/1g","241","2026-05-01","HIRA reimbursed drug list (effective 2026-05-01), MFDS class 396; supported oral classes only"
"자디메트정5/500밀리그램","Empagliflozin + Metformin HCl","SGLT2_EM+MET","5mg/0.5g","236","2026-05-01","HIRA reimbursed drug list (effective 2026-05-01), MFDS class 396; supported oral classes only"
"자디메트정5/850밀리그램","Empagliflozin + Metformin HCl","SGLT2_EM+MET","5mg/0.85g","236","2026-05-01","HIRA reimbursed drug list (effective 2026-05-01), MFDS class 396; supported oral classes only"
"자디스듀오서방정10/1000밀리그램","Empagliflozin + Metformin HCl","SGLT2_EM+MET","10mg/1g","431","2026-05-01","HIRA reimbursed drug list (effective 2026-05-01), MFDS class 396; supported oral classes only"
"자디스듀오서방정25/1000밀리그램","Empagliflozin + Metformin HCl","SGLT2_EM+MET","25mg/1g","527","2026-05-01","HIRA reimbursed drug list (effective 2026-05-01), MFDS class 396; supported oral classes only"
"자디스듀오정12.5/1000밀리그램","Empagliflozin + Metformin HCl","SGLT2_EM+MET","12.5mg/1g","365","2026-05-01","HIRA reimbursed drug list (effective 2026-05-01), MFDS class 396; supported oral classes only"
"자디스듀오정12.5/500밀리그램","Empagliflozin + Metformin HCl","SGLT2_EM+MET","12.5mg/0.5g","360","2026-05-01","HIRA reimbursed drug list (effective 2026-05-01), MFDS class 396; supported oral classes only"
"자디스듀오정12.5/850밀리그램","Empagliflozin + Metformin HCl","SGLT2_EM+MET","12.5mg/0.85g","360","2026-05-01","HIRA reimbursed drug list (effective 2026-05-01), MFDS class 396; supported oral classes only"
"자디스듀오정5/1000밀리그램","Empagliflozin + Metformin HCl","SGLT2_EM+MET","5mg/1g","241","2026-05-01","HIRA reimbursed drug list (effective 2026-05-01), MFDS class 396; supported oral classes only"
"자디스듀오정5/500밀리그램","Empagliflozin + Metformin HCl","SGLT2_EM+MET","5mg/0.5g","236","2026-05-01","HIRA reimbursed drug list (effective 2026-05-01), MFDS class 396; supported oral classes only"
"자디스듀오정5/850밀리그램","Empagliflozin + Metformin HCl","SGLT2_EM+MET","5mg/0.85g","236","2026-05-01","HIRA reimbursed drug list (effective 2026-05-01), MFDS class 396; supported oral classes only"
"자디스정10밀리그램","Empagliflozin","SGLT2_EM","10mg","265","2026-05-01","HIRA reimbursed drug list (effective 2026-05-01), MFDS class 396; supported oral classes only"
"자디스정25밀리그램","Empagliflozin","SGLT2_EM","25mg","347","2026-05-01","HIRA reimbursed drug list (effective 2026-05-01), MFDS class 396; supported oral classes only"
"자디앙듀오정12.5/1000밀리그램","Empagliflozin + Metformin HCl","SGLT2_EM+MET","12.5mg/1g","429","2026-05-01","HIRA reimbursed drug list (effective 2026-05-01), MFDS class 396; supported oral classes only"
"자디앙듀오정12.5/500밀리그램","Empagliflozin + Metformin HCl","SGLT2_EM+MET","12.5mg/0.5g","423","2026-05-01","HIRA reimbursed drug list (effective 2026-05-01), MFDS class 396; supported oral classes only"
"자디앙듀오정12.5/850밀리그램","Empagliflozin + Metformin HCl","SGLT2_EM+MET","12.5mg/0.85g","423","2026-05-01","HIRA reimbursed drug list (effective 2026-05-01), MFDS class 396; supported oral classes only"
"자디앙듀오정5/1000밀리그램","Empagliflozin + Metformin HCl","SGLT2_EM+MET","5mg/1g","284","2026-05-01","HIRA reimbursed drug list (effective 2026-05-01), MFDS class 396; supported oral classes only"
"자디앙듀오정5/500밀리그램","Empagliflozin + Metformin HCl","SGLT2_EM+MET","5mg/0.5g","278","2026-05-01","HIRA reimbursed drug list (effective 2026-05-01), MFDS class 396; supported oral classes only"
"자디앙듀오정5/850밀리그램","Empagliflozin + Metformin HCl","SGLT2_EM+MET","5mg/0.85g","278","2026-05-01","HIRA reimbursed drug list (effective 2026-05-01), MFDS class 396; supported oral classes only"
"자디앙정10밀리그램","Empagliflozin","SGLT2_EM","10mg","408","2026-05-01","HIRA reimbursed drug list (effective 2026-05-01), MFDS class 396; supported oral classes only"
"자디앙정25밀리그램","Empagliflozin","SGLT2_EM","25mg","533","2026-05-01","HIRA reimbursed drug list (effective 2026-05-01), MFDS class 396; supported oral classes only"
"자디엠파듀오정12.5/1000밀리그램","Empagliflozin + Metformin HCl","SGLT2_EM+MET","12.5mg/1g","365","2026-05-01","HIRA reimbursed drug list (effective 2026-05-01), MFDS class 396; supported oral classes only"
"자디엠파듀오정12.5/500밀리그램","Empagliflozin + Metformin HCl","SGLT2_EM+MET","12.5mg/0.5g","360","2026-05-01","HIRA reimbursed drug list (effective 2026-05-01), MFDS class 396; supported oral classes only"
"자디엠파듀오정12.5/850밀리그램","Empagliflozin + Metformin HCl","SGLT2_EM+MET","12.5mg/0.85g","360","2026-05-01","HIRA reimbursed drug list (effective 2026-05-01), MFDS class 396; supported oral classes only"
"자디엠파듀오정5/1000밀리그램","Empagliflozin + Metformin HCl","SGLT2_EM+MET","5mg/1g","241","2026-05-01","HIRA reimbursed drug list (effective 2026-05-01), MFDS class 396; supported oral classes only"
"자디엠파듀오정5/500밀리그램","Empagliflozin + Metformin HCl","SGLT2_EM+MET","5mg/0.5g","236","2026-05-01","HIRA reimbursed drug list (effective 2026-05-01), MFDS class 396; supported oral classes only"
"자디엠파듀오정5/850밀리그램","Empagliflozin + Metformin HCl","SGLT2_EM+MET","5mg/0.85g","236","2026-05-01","HIRA reimbursed drug list (effective 2026-05-01), MFDS class 396; supported oral classes only"
"자디엠파정10밀리그램","Empagliflozin","SGLT2_EM","10mg","265","2026-05-01","HIRA reimbursed drug list (effective 2026-05-01), MFDS class 396; supported oral classes only"
"자디엠파정25밀리그램","Empagliflozin","SGLT2_EM","25mg","347","2026-05-01","HIRA reimbursed drug list (effective 2026-05-01), MFDS class 396; supported oral classes only"
"자디원듀오정12.5/1000밀리그램","Empagliflozin + Metformin HCl","SGLT2_EM+MET","12.5mg/1g","365","2026-05-01","HIRA reimbursed drug list (effective 2026-05-01), MFDS class 396; supported oral classes only"
"자디원듀오정12.5/500밀리그램","Empagliflozin + Metformin HCl","SGLT2_EM+MET","12.5mg/0.5g","360","2026-05-01","HIRA reimbursed drug list (effective 2026-05-01), MFDS class 396; supported oral classes only"
"자디원듀오정12.5/850밀리그램","Empagliflozin + Metformin HCl","SGLT2_EM+MET","12.5mg/0.85g","360","2026-05-01","HIRA reimbursed drug list (effective 2026-05-01), MFDS class 396; supported oral classes only"
"자디원듀오정5/1000밀리그램","Empagliflozin + Metformin HCl","SGLT2_EM+MET","5mg/1g","241","2026-05-01","HIRA reimbursed drug list (effective 2026-05-01), MFDS class 396; supported oral classes only"
"자디원듀오정5/500밀리그램","Empagliflozin + Metformin HCl","SGLT2_EM+MET","5mg/0.5g","236","2026-05-01","HIRA reimbursed drug list (effective 2026-05-01), MFDS class 396; supported oral classes only"
"자디원듀오정5/850밀리그램","Empagliflozin + Metformin HCl","SGLT2_EM+MET","5mg/0.85g","236","2026-05-01","HIRA reimbursed drug list (effective 2026-05-01), MFDS class 396; supported oral classes only"
"자디원정10밀리그램","Empagliflozin","SGLT2_EM","10mg","265","2026-05-01","HIRA reimbursed drug list (effective 2026-05-01), MFDS class 396; supported oral classes only"
"자디원정25밀리그램","Empagliflozin","SGLT2_EM","25mg","347","2026-05-01","HIRA reimbursed drug list (effective 2026-05-01), MFDS class 396; supported oral classes only"
"자디플로진엠정12.5/1000밀리그램","Empagliflozin + Metformin HCl","SGLT2_EM+MET","12.5mg/1g","365","2026-05-01","HIRA reimbursed drug list (effective 2026-05-01), MFDS class 396; supported oral classes only"
"자디플로진엠정12.5/500밀리그램","Empagliflozin + Metformin HCl","SGLT2_EM+MET","12.5mg/0.5g","360","2026-05-01","HIRA reimbursed drug list (effective 2026-05-01), MFDS class 396; supported oral classes only"
"자디플로진엠정12.5/850밀리그램","Empagliflozin + Metformin HCl","SGLT2_EM+MET","12.5mg/0.85g","360","2026-05-01","HIRA reimbursed drug list (effective 2026-05-01), MFDS class 396; supported oral classes only"
"자디플로진엠정5/1000밀리그램","Empagliflozin + Metformin HCl","SGLT2_EM+MET","5mg/1g","241","2026-05-01","HIRA reimbursed drug list (effective 2026-05-01), MFDS class 396; supported oral classes only"
"자디플로진엠정5/500밀리그램","Empagliflozin + Metformin HCl","SGLT2_EM+MET","5mg/0.5g","236","2026-05-01","HIRA reimbursed drug list (effective 2026-05-01), MFDS class 396; supported oral classes only"
"자디플로진엠정5/850밀리그램","Empagliflozin + Metformin HCl","SGLT2_EM+MET","5mg/0.85g","236","2026-05-01","HIRA reimbursed drug list (effective 2026-05-01), MFDS class 396; supported oral classes only"
"자디플로진정10밀리그램","Empagliflozin","SGLT2_EM","10mg","265","2026-05-01","HIRA reimbursed drug list (effective 2026-05-01), MFDS class 396; supported oral classes only"
"자디플로진정25밀리그램","Empagliflozin","SGLT2_EM","25mg","347","2026-05-01","HIRA reimbursed drug list (effective 2026-05-01), MFDS class 396; supported oral classes only"
"자디하트정10밀리그램","Empagliflozin","SGLT2_EM","10mg","265","2026-05-01","HIRA reimbursed drug list (effective 2026-05-01), MFDS class 396; supported oral classes only"
"자디하트정25밀리그램","Empagliflozin","SGLT2_EM","25mg","347","2026-05-01","HIRA reimbursed drug list (effective 2026-05-01), MFDS class 396; supported oral classes only"
"자비아정100밀리그램","Sitagliptin","DPP4","0.1g","453","2026-05-01","HIRA reimbursed drug list (effective 2026-05-01), MFDS class 396; supported oral classes only"
"자비아정50밀리그램","Sitagliptin","DPP4","50mg","301","2026-05-01","HIRA reimbursed drug list (effective 2026-05-01), MFDS class 396; supported oral classes only"
"제뉴원글리메피리드정","Glimepiride","SU","2mg","185","2026-05-01","HIRA reimbursed drug list (effective 2026-05-01), MFDS class 396; supported oral classes only"
"제뉴파마리나글립틴정","Linagliptin","DPP4","5mg","341","2026-05-01","HIRA reimbursed drug list (effective 2026-05-01), MFDS class 396; supported oral classes only"
"제미글로정50밀리그램","Gemigliptin","DPP4","50mg","748","2026-05-01","HIRA reimbursed drug list (effective 2026-05-01), MFDS class 396; supported oral classes only"
"제미다파정","Dapagliflozin + Gemigliptin","SGLT2_DA+DPP4","10mg/50mg","940","2026-05-01","HIRA reimbursed drug list (effective 2026-05-01), MFDS class 396; supported oral classes only"
"제미메트서방정25/1000밀리그램","Gemigliptin + Metformin HCl","DPP4+MET","25mg/1g","468","2026-05-01","HIRA reimbursed drug list (effective 2026-05-01), MFDS class 396; supported oral classes only"
"제미메트서방정25/500밀리그램","Gemigliptin + Metformin HCl","DPP4+MET","25mg/0.5g","425","2026-05-01","HIRA reimbursed drug list (effective 2026-05-01), MFDS class 396; supported oral classes only"
"제미메트서방정25/750밀리그램","Gemigliptin + Metformin HCl","DPP4+MET","25mg/0.75g","428","2026-05-01","HIRA reimbursed drug list (effective 2026-05-01), MFDS class 396; supported oral classes only"
"제미메트서방정50/1000밀리그램","Gemigliptin + Metformin HCl","DPP4+MET","50mg/1g","850","2026-05-01","HIRA reimbursed drug list (effective 2026-05-01), MFDS class 396; supported oral classes only"
"제미메트서방정50/500밀리그램","Gemigliptin + Metformin HCl","DPP4+MET","50mg/0.5g","736","2026-05-01","HIRA reimbursed drug list (effective 2026-05-01), MFDS class 396; supported oral classes only"
"제이마릴정2밀리그램","Glimepiride","SU","2mg","157","2026-05-01","HIRA reimbursed drug list (effective 2026-05-01), MFDS class 396; supported oral classes only"
"제이알글리메피리드정","Glimepiride","SU","2mg","157","2026-05-01","HIRA reimbursed drug list (effective 2026-05-01), MFDS class 396; supported oral classes only"
"제이폴민정500밀리그램","Metformin HCl","MET","0.5g","70","2026-05-01","HIRA reimbursed drug list (effective 2026-05-01), MFDS class 396; supported oral classes only"
"제파진듀오정12.5/1000밀리그램","Empagliflozin + Metformin HCl","SGLT2_EM+MET","12.5mg/1g","365","2026-05-01","HIRA reimbursed drug list (effective 2026-05-01), MFDS class 396; supported oral classes only"
"제파진듀오정12.5/500밀리그램","Empagliflozin + Metformin HCl","SGLT2_EM+MET","12.5mg/0.5g","360","2026-05-01","HIRA reimbursed drug list (effective 2026-05-01), MFDS class 396; supported oral classes only"
"제파진듀오정12.5/850밀리그램","Empagliflozin + Metformin HCl","SGLT2_EM+MET","12.5mg/0.85g","360","2026-05-01","HIRA reimbursed drug list (effective 2026-05-01), MFDS class 396; supported oral classes only"
"제파진듀오정5/1000밀리그램","Empagliflozin + Metformin HCl","SGLT2_EM+MET","5mg/1g","241","2026-05-01","HIRA reimbursed drug list (effective 2026-05-01), MFDS class 396; supported oral classes only"
"제파진듀오정5/500밀리그램","Empagliflozin + Metformin HCl","SGLT2_EM+MET","5mg/0.5g","236","2026-05-01","HIRA reimbursed drug list (effective 2026-05-01), MFDS class 396; supported oral classes only"
"제파진듀오정5/850밀리그램","Empagliflozin + Metformin HCl","SGLT2_EM+MET","5mg/0.85g","236","2026-05-01","HIRA reimbursed drug list (effective 2026-05-01), MFDS class 396; supported oral classes only"
"제파진정10밀리그램","Empagliflozin","SGLT2_EM","10mg","347","2026-05-01","HIRA reimbursed drug list (effective 2026-05-01), MFDS class 396; supported oral classes only"
"제파진정25밀리그램","Empagliflozin","SGLT2_EM","25mg","453","2026-05-01","HIRA reimbursed drug list (effective 2026-05-01), MFDS class 396; supported oral classes only"
"제포가듀오서방정10/1000밀리그램","Dapagliflozin + Metformin HCl","SGLT2_DA+MET","10mg/1g","512","2026-05-01","HIRA reimbursed drug list (effective 2026-05-01), MFDS class 396; supported oral classes only"
"제포가듀오서방정10/500밀리그램","Dapagliflozin + Metformin HCl","SGLT2_DA+MET","10mg/0.5g","473","2026-05-01","HIRA reimbursed drug list (effective 2026-05-01), MFDS class 396; supported oral classes only"
"제포가정10밀리그램","Dapagliflozin","SGLT2_DA","10mg","334","2026-05-01","HIRA reimbursed drug list (effective 2026-05-01), MFDS class 396; supported oral classes only"
"젠시가에스정10/100밀리그램","Dapagliflozin + Sitagliptin","SGLT2_DA+DPP4","10mg/0.1g","846","2026-05-01","HIRA reimbursed drug list (effective 2026-05-01), MFDS class 396; supported oral classes only"
"젠시가정10밀리그램","Dapagliflozin","SGLT2_DA","10mg","393","2026-05-01","HIRA reimbursed drug list (effective 2026-05-01), MFDS class 396; supported oral classes only"
"지엠정2/500밀리그램","Glimepiride + Metformin HCl","SU+MET","2mg/0.5g","167","2026-05-01","HIRA reimbursed drug list (effective 2026-05-01), MFDS class 396; supported oral classes only"
"직더블엠정10/4밀리그램","Dapagliflozin + Glimepiride","SGLT2_DA+SU","10mg/4mg","677","2026-05-01","HIRA reimbursed drug list (effective 2026-05-01), MFDS class 396; supported oral classes only"
"직듀오서방정10/1000밀리그램","Dapagliflozin + Metformin HCl","SGLT2_DA+MET","10mg/1g","512","2026-05-01","HIRA reimbursed drug list (effective 2026-05-01), MFDS class 396; supported oral classes only"
"직듀오서방정10/500밀리그램","Dapagliflozin + Metformin HCl","SGLT2_DA+MET","10mg/0.5g","473","2026-05-01","HIRA reimbursed drug list (effective 2026-05-01), MFDS class 396; supported oral classes only"
"케이글리토정10/5밀리그램","Empagliflozin + Linagliptin","SGLT2_EM+DPP4","10mg/5mg","714","2026-05-01","HIRA reimbursed drug list (effective 2026-05-01), MFDS class 396; supported oral classes only"
"케이글리토정25/5밀리그램","Empagliflozin + Linagliptin","SGLT2_EM+DPP4","25mg/5mg","810","2026-05-01","HIRA reimbursed drug list (effective 2026-05-01), MFDS class 396; supported oral classes only"
"케이듀오서방정10/1000밀리그램","Dapagliflozin + Metformin HCl","SGLT2_DA+MET","10mg/1g","512","2026-05-01","HIRA reimbursed drug list (effective 2026-05-01), MFDS class 396; supported oral classes only"
"케이릴엠정1/250밀리그램","Glimepiride + Metformin HCl","SU+MET","1mg/0.25g","112","2026-05-01","HIRA reimbursed drug list (effective 2026-05-01), MFDS class 396; supported oral classes only"
"케이릴엠정2/500밀리그램","Glimepiride + Metformin HCl","SU+MET","2mg/0.5g","167","2026-05-01","HIRA reimbursed drug list (effective 2026-05-01), MFDS class 396; supported oral classes only"
"케이릴정2밀리그램","Glimepiride","SU","2mg","157","2026-05-01","HIRA reimbursed drug list (effective 2026-05-01), MFDS class 396; supported oral classes only"
"케이마릴엠정2/500밀리그램","Glimepiride + Metformin HCl","SU+MET","2mg/0.5g","167","2026-05-01","HIRA reimbursed drug list (effective 2026-05-01), MFDS class 396; supported oral classes only"
"케이마릴정2밀리그람","Glimepiride","SU","2mg","157","2026-05-01","HIRA reimbursed drug list (effective 2026-05-01), MFDS class 396; supported oral classes only"
"케이메트서방정","Metformin HCl","MET","0.5g","101","2026-05-01","HIRA reimbursed drug list (effective 2026-05-01), MFDS class 396; supported oral classes only"
"케이시가정10밀리그램","Dapagliflozin","SGLT2_DA","10mg","393","2026-05-01","HIRA reimbursed drug list (effective 2026-05-01), MFDS class 396; supported oral classes only"
"케이토스메트정15/850밀리그램","Metformin HCl + Pioglitazone","MET+TZD","0.85g/15mg","714","2026-05-01","HIRA reimbursed drug list (effective 2026-05-01), MFDS class 396; supported oral classes only"
"케이토스정","Pioglitazone","TZD","15mg","647","2026-05-01","HIRA reimbursed drug list (effective 2026-05-01), MFDS class 396; supported oral classes only"
"케이토스정30밀리그램","Pioglitazone","TZD","30mg","940","2026-05-01","HIRA reimbursed drug list (effective 2026-05-01), MFDS class 396; supported oral classes only"
"코오롱글리메피리드정2밀리그람","Glimepiride","SU","2mg","157","2026-05-01","HIRA reimbursed drug list (effective 2026-05-01), MFDS class 396; supported oral classes only"
"콤비글라이즈서방정5/1000밀리그램","Metformin HCl + Saxagliptin","MET+DPP4","1g/5mg","827","2026-05-01","HIRA reimbursed drug list (effective 2026-05-01), MFDS class 396; supported oral classes only"
"콤비글라이즈서방정5/500밀리그램","Metformin HCl + Saxagliptin","MET+DPP4","0.5g/5mg","827","2026-05-01","HIRA reimbursed drug list (effective 2026-05-01), MFDS class 396; supported oral classes only"
"큐턴정5/10밀리그램","Dapagliflozin + Saxagliptin","SGLT2_DA+DPP4","10mg/5mg","833","2026-05-01","HIRA reimbursed drug list (effective 2026-05-01), MFDS class 396; supported oral classes only"
"크리메릴엠정2/500밀리그램","Glimepiride + Metformin HCl","SU+MET","2mg/0.5g","196","2026-05-01","HIRA reimbursed drug list (effective 2026-05-01), MFDS class 396; supported oral classes only"
"크리메릴정2밀리그램","Glimepiride","SU","2mg","184","2026-05-01","HIRA reimbursed drug list (effective 2026-05-01), MFDS class 396; supported oral classes only"
"타파듀오정10/100밀리그램","Dapagliflozin + Sitagliptin","SGLT2_DA+DPP4","10mg/0.1g","846","2026-05-01","HIRA reimbursed drug list (effective 2026-05-01), MFDS class 396; supported oral classes only"
"타파진정10밀리그램","Dapagliflozin","SGLT2_DA","10mg","393","2026-05-01","HIRA reimbursed drug list (effective 2026-05-01), MFDS class 396; supported oral classes only"
"타파진정5밀리그램","Dapagliflozin","SGLT2_DA","5mg","262","2026-05-01","HIRA reimbursed drug list (effective 2026-05-01), MFDS class 396; supported oral classes only"
"타파진플러스서방정10/1000밀리그램","Dapagliflozin + Metformin HCl","SGLT2_DA+MET","10mg/1g","435","2026-05-01","HIRA reimbursed drug list (effective 2026-05-01), MFDS class 396; supported oral classes only"
"타파진플러스서방정10/500밀리그램","Dapagliflozin + Metformin HCl","SGLT2_DA+MET","10mg/0.5g","402","2026-05-01","HIRA reimbursed drug list (effective 2026-05-01), MFDS class 396; supported oral classes only"
"테글리엠서방정10/500밀리그램","Metformin HCl + Teneligliptin","MET+DPP4","0.5g/10mg","334","2026-05-01","HIRA reimbursed drug list (effective 2026-05-01), MFDS class 396; supported oral classes only"
"테글리엠서방정10/750밀리그램","Metformin HCl + Teneligliptin","MET+DPP4","0.75g/10mg","334","2026-05-01","HIRA reimbursed drug list (effective 2026-05-01), MFDS class 396; supported oral classes only"
"테글리엠서방정20/1000밀리그램","Metformin HCl + Teneligliptin","MET+DPP4","1g/20mg","665","2026-05-01","HIRA reimbursed drug list (effective 2026-05-01), MFDS class 396; supported oral classes only"
"테글리정20밀리그램","Teneligliptin","DPP4","20mg","665","2026-05-01","HIRA reimbursed drug list (effective 2026-05-01), MFDS class 396; supported oral classes only"
"테네그린듀오서방정10/500밀리그램","Metformin HCl + Teneligliptin","MET+DPP4","0.5g/10mg","334","2026-05-01","HIRA reimbursed drug list (effective 2026-05-01), MFDS class 396; supported oral classes only"
"테네그린듀오서방정10/750밀리그램","Metformin HCl + Teneligliptin","MET+DPP4","0.75g/10mg","334","2026-05-01","HIRA reimbursed drug list (effective 2026-05-01), MFDS class 396; supported oral classes only"
"테네그린듀오서방정20/1000밀리그램","Metformin HCl + Teneligliptin","MET+DPP4","1g/20mg","665","2026-05-01","HIRA reimbursed drug list (effective 2026-05-01), MFDS class 396; supported oral classes only"
"테네그린정","Teneligliptin","DPP4","20mg","665","2026-05-01","HIRA reimbursed drug list (effective 2026-05-01), MFDS class 396; supported oral classes only"
"테네글로엠서방정10/500밀리그램","Metformin HCl + Teneligliptin","MET+DPP4","0.5g/10mg","334","2026-05-01","HIRA reimbursed drug list (effective 2026-05-01), MFDS class 396; supported oral classes only"
"테네글로엠서방정10/750밀리그램","Metformin HCl + Teneligliptin","MET+DPP4","0.75g/10mg","334","2026-05-01","HIRA reimbursed drug list (effective 2026-05-01), MFDS class 396; supported oral classes only"
"테네글로엠서방정20/1000밀리그램","Metformin HCl + Teneligliptin","MET+DPP4","1g/20mg","665","2026-05-01","HIRA reimbursed drug list (effective 2026-05-01), MFDS class 396; supported oral classes only"
"테네글로정20밀리그램","Teneligliptin","DPP4","20mg","665","2026-05-01","HIRA reimbursed drug list (effective 2026-05-01), MFDS class 396; supported oral classes only"
"테네글리엠서방정10/500밀리그램","Metformin HCl + Teneligliptin","MET+DPP4","0.5g/10mg","334","2026-05-01","HIRA reimbursed drug list (effective 2026-05-01), MFDS class 396; supported oral classes only"
"테네글리엠서방정10/750밀리그램","Metformin HCl + Teneligliptin","MET+DPP4","0.75g/10mg","334","2026-05-01","HIRA reimbursed drug list (effective 2026-05-01), MFDS class 396; supported oral classes only"
"테네글리엠서방정20/1000밀리그램","Metformin HCl + Teneligliptin","MET+DPP4","1g/20mg","665","2026-05-01","HIRA reimbursed drug list (effective 2026-05-01), MFDS class 396; supported oral classes only"
"테네글리정20밀리그램","Teneligliptin","DPP4","20mg","665","2026-05-01","HIRA reimbursed drug list (effective 2026-05-01), MFDS class 396; supported oral classes only"
"테네글리틴엠서방정10/500밀리그램","Metformin HCl + Teneligliptin","MET+DPP4","0.5g/10mg","334","2026-05-01","HIRA reimbursed drug list (effective 2026-05-01), MFDS class 396; supported oral classes only"
"테네글리틴엠서방정10/750밀리그램","Metformin HCl + Teneligliptin","MET+DPP4","0.75g/10mg","334","2026-05-01","HIRA reimbursed drug list (effective 2026-05-01), MFDS class 396; supported oral classes only"
"테네글리틴엠서방정20/1000밀리그램","Metformin HCl + Teneligliptin","MET+DPP4","1g/20mg","665","2026-05-01","HIRA reimbursed drug list (effective 2026-05-01), MFDS class 396; supported oral classes only"
"테네글리틴정20밀리그램","Teneligliptin","DPP4","20mg","665","2026-05-01","HIRA reimbursed drug list (effective 2026-05-01), MFDS class 396; supported oral classes only"
"테네글립엠서방정10/500밀리그램","Metformin HCl + Teneligliptin","MET+DPP4","0.5g/10mg","334","2026-05-01","HIRA reimbursed drug list (effective 2026-05-01), MFDS class 396; supported oral classes only"
"테네글립엠서방정10/750밀리그램","Metformin HCl + Teneligliptin","MET+DPP4","0.75g/10mg","334","2026-05-01","HIRA reimbursed drug list (effective 2026-05-01), MFDS class 396; supported oral classes only"
"테네글립엠서방정20/1000밀리그램","Metformin HCl + Teneligliptin","MET+DPP4","1g/20mg","665","2026-05-01","HIRA reimbursed drug list (effective 2026-05-01), MFDS class 396; supported oral classes only"
"테네글립정20밀리그램","Teneligliptin","DPP4","20mg","665","2026-05-01","HIRA reimbursed drug list (effective 2026-05-01), MFDS class 396; supported oral classes only"
"테네글엠서방정10/500밀리그램","Metformin HCl + Teneligliptin","MET+DPP4","0.5g/10mg","334","2026-05-01","HIRA reimbursed drug list (effective 2026-05-01), MFDS class 396; supported oral classes only"
"테네글엠서방정10/750밀리그램","Metformin HCl + Teneligliptin","MET+DPP4","0.75g/10mg","334","2026-05-01","HIRA reimbursed drug list (effective 2026-05-01), MFDS class 396; supported oral classes only"
"테네글엠서방정20/1000밀리그램","Metformin HCl + Teneligliptin","MET+DPP4","1g/20mg","665","2026-05-01","HIRA reimbursed drug list (effective 2026-05-01), MFDS class 396; supported oral classes only"
"테네글정20밀리그램","Teneligliptin","DPP4","20mg","665","2026-05-01","HIRA reimbursed drug list (effective 2026-05-01), MFDS class 396; supported oral classes only"
"테네로엠서방정10/500밀리그램","Metformin HCl + Teneligliptin","MET+DPP4","0.5g/10mg","334","2026-05-01","HIRA reimbursed drug list (effective 2026-05-01), MFDS class 396; supported oral classes only"
"테네로엠서방정10/750밀리그램","Metformin HCl + Teneligliptin","MET+DPP4","0.75g/10mg","334","2026-05-01","HIRA reimbursed drug list (effective 2026-05-01), MFDS class 396; supported oral classes only"
"테네로엠서방정20/1000밀리그램","Metformin HCl + Teneligliptin","MET+DPP4","1g/20mg","665","2026-05-01","HIRA reimbursed drug list (effective 2026-05-01), MFDS class 396; supported oral classes only"
"테네로정20밀리그램","Teneligliptin","DPP4","20mg","665","2026-05-01","HIRA reimbursed drug list (effective 2026-05-01), MFDS class 396; supported oral classes only"
"테네로틴엠서방정10/500밀리그램","Metformin HCl + Teneligliptin","MET+DPP4","0.5g/10mg","334","2026-05-01","HIRA reimbursed drug list (effective 2026-05-01), MFDS class 396; supported oral classes only"
"테네로틴엠서방정10/750밀리그램","Metformin HCl + Teneligliptin","MET+DPP4","0.75g/10mg","334","2026-05-01","HIRA reimbursed drug list (effective 2026-05-01), MFDS class 396; supported oral classes only"
"테네로틴엠서방정20/1000밀리그램","Metformin HCl + Teneligliptin","MET+DPP4","1g/20mg","665","2026-05-01","HIRA reimbursed drug list (effective 2026-05-01), MFDS class 396; supported oral classes only"
"테네로틴정20밀리그램","Teneligliptin","DPP4","20mg","665","2026-05-01","HIRA reimbursed drug list (effective 2026-05-01), MFDS class 396; supported oral classes only"
"테네론엠서방정10/500밀리그램","Metformin HCl + Teneligliptin","MET+DPP4","0.5g/10mg","334","2026-05-01","HIRA reimbursed drug list (effective 2026-05-01), MFDS class 396; supported oral classes only"
"테네론엠서방정10/750밀리그램","Metformin HCl + Teneligliptin","MET+DPP4","0.75g/10mg","334","2026-05-01","HIRA reimbursed drug list (effective 2026-05-01), MFDS class 396; supported oral classes only"
"테네론엠서방정20/1000밀리그램","Metformin HCl + Teneligliptin","MET+DPP4","1g/20mg","665","2026-05-01","HIRA reimbursed drug list (effective 2026-05-01), MFDS class 396; supported oral classes only"
"테네론정20밀리그램","Teneligliptin","DPP4","20mg","665","2026-05-01","HIRA reimbursed drug list (effective 2026-05-01), MFDS class 396; supported oral classes only"
"테네리엠서방정10/500밀리그램","Metformin HCl + Teneligliptin","MET+DPP4","0.5g/10mg","334","2026-05-01","HIRA reimbursed drug list (effective 2026-05-01), MFDS class 396; supported oral classes only"
"테네리엠서방정10/750밀리그램","Metformin HCl + Teneligliptin","MET+DPP4","0.75g/10mg","334","2026-05-01","HIRA reimbursed drug list (effective 2026-05-01), MFDS class 396; supported oral classes only"
"테네리엠서방정20/1000밀리그램","Metformin HCl + Teneligliptin","MET+DPP4","1g/20mg","665","2026-05-01","HIRA reimbursed drug list (effective 2026-05-01), MFDS class 396; supported oral classes only"
"테네리칸엠서방정10/500밀리그램","Metformin HCl + Teneligliptin","MET+DPP4","0.5g/10mg","334","2026-05-01","HIRA reimbursed drug list (effective 2026-05-01), MFDS class 396; supported oral classes only"
"테네리칸엠서방정10/750밀리그램","Metformin HCl + Teneligliptin","MET+DPP4","0.75g/10mg","334","2026-05-01","HIRA reimbursed drug list (effective 2026-05-01), MFDS class 396; supported oral classes only"
"테네리칸엠서방정20/1000밀리그램","Metformin HCl + Teneligliptin","MET+DPP4","1g/20mg","665","2026-05-01","HIRA reimbursed drug list (effective 2026-05-01), MFDS class 396; supported oral classes only"
"테네리칸정20밀리그램","Teneligliptin","DPP4","20mg","665","2026-05-01","HIRA reimbursed drug list (effective 2026-05-01), MFDS class 396; supported oral classes only"
"테네리틴정20밀리그램","Teneligliptin","DPP4","20mg","665","2026-05-01","HIRA reimbursed drug list (effective 2026-05-01), MFDS class 396; supported oral classes only"
"테네린엠서방정10/500밀리그램","Metformin HCl + Teneligliptin","MET+DPP4","0.5g/10mg","334","2026-05-01","HIRA reimbursed drug list (effective 2026-05-01), MFDS class 396; supported oral classes only"
"테네린엠서방정10/750밀리그램","Metformin HCl + Teneligliptin","MET+DPP4","0.75g/10mg","334","2026-05-01","HIRA reimbursed drug list (effective 2026-05-01), MFDS class 396; supported oral classes only"
"테네린엠서방정20/1000밀리그램","Metformin HCl + Teneligliptin","MET+DPP4","1g/20mg","665","2026-05-01","HIRA reimbursed drug list (effective 2026-05-01), MFDS class 396; supported oral classes only"
"테네린정20밀리그램","Teneligliptin","DPP4","20mg","665","2026-05-01","HIRA reimbursed drug list (effective 2026-05-01), MFDS class 396; supported oral classes only"
"테네립틴엠서방정10/500밀리그램","Metformin HCl + Teneligliptin","MET+DPP4","0.5g/10mg","334","2026-05-01","HIRA reimbursed drug list (effective 2026-05-01), MFDS class 396; supported oral classes only"
"테네립틴엠서방정10/750밀리그램","Metformin HCl + Teneligliptin","MET+DPP4","0.75g/10mg","334","2026-05-01","HIRA reimbursed drug list (effective 2026-05-01), MFDS class 396; supported oral classes only"
"테네립틴엠서방정20/1000밀리그램","Metformin HCl + Teneligliptin","MET+DPP4","1g/20mg","665","2026-05-01","HIRA reimbursed drug list (effective 2026-05-01), MFDS class 396; supported oral classes only"
"테네립틴정20밀리그램","Teneligliptin","DPP4","20mg","665","2026-05-01","HIRA reimbursed drug list (effective 2026-05-01), MFDS class 396; supported oral classes only"
"테네스엠서방정10/500밀리그램","Metformin HCl + Teneligliptin","MET+DPP4","0.5g/10mg","334","2026-05-01","HIRA reimbursed drug list (effective 2026-05-01), MFDS class 396; supported oral classes only"
"테네스엠서방정10/750밀리그램","Metformin HCl + Teneligliptin","MET+DPP4","0.75g/10mg","334","2026-05-01","HIRA reimbursed drug list (effective 2026-05-01), MFDS class 396; supported oral classes only"
"테네스엠서방정20/1000밀리그램","Metformin HCl + Teneligliptin","MET+DPP4","1g/20mg","665","2026-05-01","HIRA reimbursed drug list (effective 2026-05-01), MFDS class 396; supported oral classes only"
"테네스정20밀리그램","Teneligliptin","DPP4","20mg","665","2026-05-01","HIRA reimbursed drug list (effective 2026-05-01), MFDS class 396; supported oral classes only"
"테네틴엠서방정10/500밀리그램","Metformin HCl + Teneligliptin","MET+DPP4","0.5g/10mg","334","2026-05-01","HIRA reimbursed drug list (effective 2026-05-01), MFDS class 396; supported oral classes only"
"테네틴엠서방정10/750밀리그램","Metformin HCl + Teneligliptin","MET+DPP4","0.75g/10mg","334","2026-05-01","HIRA reimbursed drug list (effective 2026-05-01), MFDS class 396; supported oral classes only"
"테네틴엠서방정20/1000밀리그램","Metformin HCl + Teneligliptin","MET+DPP4","1g/20mg","665","2026-05-01","HIRA reimbursed drug list (effective 2026-05-01), MFDS class 396; supported oral classes only"
"테네틴정20밀리그램","Teneligliptin","DPP4","20mg","665","2026-05-01","HIRA reimbursed drug list (effective 2026-05-01), MFDS class 396; supported oral classes only"
"테네필정20밀리그램","Teneligliptin","DPP4","20mg","665","2026-05-01","HIRA reimbursed drug list (effective 2026-05-01), MFDS class 396; supported oral classes only"
"테네필플러스서방정10/500밀리그램","Metformin HCl + Teneligliptin","MET+DPP4","0.5g/10mg","334","2026-05-01","HIRA reimbursed drug list (effective 2026-05-01), MFDS class 396; supported oral classes only"
"테네필플러스서방정10/750밀리그램","Metformin HCl + Teneligliptin","MET+DPP4","0.75g/10mg","334","2026-05-01","HIRA reimbursed drug list (effective 2026-05-01), MFDS class 396; supported oral classes only"
"테네필플러스서방정20/1000밀리그램","Metformin HCl + Teneligliptin","MET+DPP4","1g/20mg","665","2026-05-01","HIRA reimbursed drug list (effective 2026-05-01), MFDS class 396; supported oral classes only"
"테넬디엠서방정10/500밀리그램","Metformin HCl + Teneligliptin","MET+DPP4","0.5g/10mg","334","2026-05-01","HIRA reimbursed drug list (effective 2026-05-01), MFDS class 396; supported oral classes only"
"테넬디엠서방정10/750밀리그램","Metformin HCl + Teneligliptin","MET+DPP4","0.75g/10mg","334","2026-05-01","HIRA reimbursed drug list (effective 2026-05-01), MFDS class 396; supported oral classes only"
"테넬디엠서방정20/1000밀리그램","Metformin HCl + Teneligliptin","MET+DPP4","1g/20mg","665","2026-05-01","HIRA reimbursed drug list (effective 2026-05-01), MFDS class 396; supported oral classes only"
"테넬디정20밀리그램","Teneligliptin","DPP4","20mg","665","2026-05-01","HIRA reimbursed drug list (effective 2026-05-01), MFDS class 396; supported oral classes only"
"테넬라엠서방정10/500밀리그램","Metformin HCl + Teneligliptin","MET+DPP4","0.5g/10mg","334","2026-05-01","HIRA reimbursed drug list (effective 2026-05-01), MFDS class 396; supported oral classes only"
"테넬라엠서방정10/750밀리그램","Metformin HCl + Teneligliptin","MET+DPP4","0.75g/10mg","334","2026-05-01","HIRA reimbursed drug list (effective 2026-05-01), MFDS class 396; supported oral classes only"
"테넬라엠서방정20/1000밀리그램","Metformin HCl + Teneligliptin","MET+DPP4","1g/20mg","665","2026-05-01","HIRA reimbursed drug list (effective 2026-05-01), MFDS class 396; supported oral classes only"
"테넬라정20밀리그램","Teneligliptin","DPP4","20mg","665","2026-05-01","HIRA reimbursed drug list (effective 2026-05-01), MFDS class 396; supported oral classes only"
"테넬로드엠서방정10/500밀리그램","Metformin HCl + Teneligliptin","MET+DPP4","0.5g/10mg","332","2026-05-01","HIRA reimbursed drug list (effective 2026-05-01), MFDS class 396; supported oral classes only"
"테넬로드엠서방정10/750밀리그램","Metformin HCl + Teneligliptin","MET+DPP4","0.75g/10mg","332","2026-05-01","HIRA reimbursed drug list (effective 2026-05-01), MFDS class 396; supported oral classes only"
"테넬로드엠서방정20/1000밀리그램","Metformin HCl + Teneligliptin","MET+DPP4","1g/20mg","665","2026-05-01","HIRA reimbursed drug list (effective 2026-05-01), MFDS class 396; supported oral classes only"
"테넬로드정20밀리그램","Teneligliptin","DPP4","20mg","665","2026-05-01","HIRA reimbursed drug list (effective 2026-05-01), MFDS class 396; supported oral classes only"
"테넬리아엠서방정10/500밀리그램","Metformin HCl + Teneligliptin","MET+DPP4","0.5g/10mg","370","2026-05-01","HIRA reimbursed drug list (effective 2026-05-01), MFDS class 396; supported oral classes only"
"테넬리아엠서방정10/750밀리그램","Metformin HCl + Teneligliptin","MET+DPP4","0.75g/10mg","370","2026-05-01","HIRA reimbursed drug list (effective 2026-05-01), MFDS class 396; supported oral classes only"
"테넬리아엠서방정20/1000밀리그램","Metformin HCl + Teneligliptin","MET+DPP4","1g/20mg","739","2026-05-01","HIRA reimbursed drug list (effective 2026-05-01), MFDS class 396; supported oral classes only"
"테넬리아정20밀리그램","Teneligliptin","DPP4","20mg","732","2026-05-01","HIRA reimbursed drug list (effective 2026-05-01), MFDS class 396; supported oral classes only"
"테넬리엘듀오서방정10/500밀리그램","Metformin HCl + Teneligliptin","MET+DPP4","0.5g/10mg","334","2026-05-01","HIRA reimbursed drug list (effective 2026-05-01), MFDS class 396; supported oral classes only"
"테넬리엘듀오서방정10/750밀리그램","Metformin HCl + Teneligliptin","MET+DPP4","0.75g/10mg","334","2026-05-01","HIRA reimbursed drug list (effective 2026-05-01), MFDS class 396; supported oral classes only"
"테넬리엘듀오서방정20/1000밀리그램","Metformin HCl + Teneligliptin","MET+DPP4","1g/20mg","665","2026-05-01","HIRA reimbursed drug list (effective 2026-05-01), MFDS class 396; supported oral classes only"
"테넬리엘정20밀리그램","Teneligliptin","DPP4","20mg","665","2026-05-01","HIRA reimbursed drug list (effective 2026-05-01), MFDS class 396; supported oral classes only"
"테넬리탁듀오서방정10/500밀리그램","Metformin HCl + Teneligliptin","MET+DPP4","0.5g/10mg","334","2026-05-01","HIRA reimbursed drug list (effective 2026-05-01), MFDS class 396; supported oral classes only"
"테넬리탁듀오서방정10/750밀리그램","Metformin HCl + Teneligliptin","MET+DPP4","0.75g/10mg","334","2026-05-01","HIRA reimbursed drug list (effective 2026-05-01), MFDS class 396; supported oral classes only"
"테넬리탁듀오서방정20/1000밀리그램","Metformin HCl + Teneligliptin","MET+DPP4","1g/20mg","665","2026-05-01","HIRA reimbursed drug list (effective 2026-05-01), MFDS class 396; supported oral classes only"
"테넬리탁정20밀리그램","Teneligliptin","DPP4","20mg","665","2026-05-01","HIRA reimbursed drug list (effective 2026-05-01), MFDS class 396; supported oral classes only"
"테넬엠서방정10/500밀리그램","Metformin HCl + Teneligliptin","MET+DPP4","0.5g/10mg","334","2026-05-01","HIRA reimbursed drug list (effective 2026-05-01), MFDS class 396; supported oral classes only"
"테넬엠서방정10/750밀리그램","Metformin HCl + Teneligliptin","MET+DPP4","0.75g/10mg","334","2026-05-01","HIRA reimbursed drug list (effective 2026-05-01), MFDS class 396; supported oral classes only"
"테넬엠서방정20/1000밀리그램","Metformin HCl + Teneligliptin","MET+DPP4","1g/20mg","665","2026-05-01","HIRA reimbursed drug list (effective 2026-05-01), MFDS class 396; supported oral classes only"
"테넬정20밀리그램","Teneligliptin","DPP4","20mg","665","2026-05-01","HIRA reimbursed drug list (effective 2026-05-01), MFDS class 396; supported oral classes only"
"테넬틴정20밀리그램","Teneligliptin","DPP4","20mg","665","2026-05-01","HIRA reimbursed drug list (effective 2026-05-01), MFDS class 396; supported oral classes only"
"테넬포민서방정10/500밀리그램","Metformin HCl + Teneligliptin","MET+DPP4","0.5g/10mg","334","2026-05-01","HIRA reimbursed drug list (effective 2026-05-01), MFDS class 396; supported oral classes only"
"테넬포민서방정10/750밀리그램","Metformin HCl + Teneligliptin","MET+DPP4","0.75g/10mg","334","2026-05-01","HIRA reimbursed drug list (effective 2026-05-01), MFDS class 396; supported oral classes only"
"테넬포민서방정20/1000밀리그램","Metformin HCl + Teneligliptin","MET+DPP4","1g/20mg","665","2026-05-01","HIRA reimbursed drug list (effective 2026-05-01), MFDS class 396; supported oral classes only"
"테디엠메트서방정10/500밀리그램","Metformin HCl + Teneligliptin","MET+DPP4","0.5g/10mg","313","2026-05-01","HIRA reimbursed drug list (effective 2026-05-01), MFDS class 396; supported oral classes only"
"테디엠메트서방정10/750밀리그램","Metformin HCl + Teneligliptin","MET+DPP4","0.75g/10mg","313","2026-05-01","HIRA reimbursed drug list (effective 2026-05-01), MFDS class 396; supported oral classes only"
"테디엠메트서방정20/1000밀리그램","Metformin HCl + Teneligliptin","MET+DPP4","1g/20mg","627","2026-05-01","HIRA reimbursed drug list (effective 2026-05-01), MFDS class 396; supported oral classes only"
"테디엠정20밀리그램","Teneligliptin","DPP4","20mg","626","2026-05-01","HIRA reimbursed drug list (effective 2026-05-01), MFDS class 396; supported oral classes only"
"테디포엠서방정10/500밀리그램","Metformin HCl + Teneligliptin","MET+DPP4","0.5g/10mg","334","2026-05-01","HIRA reimbursed drug list (effective 2026-05-01), MFDS class 396; supported oral classes only"
"테디포엠서방정10/750밀리그램","Metformin HCl + Teneligliptin","MET+DPP4","0.75g/10mg","334","2026-05-01","HIRA reimbursed drug list (effective 2026-05-01), MFDS class 396; supported oral classes only"
"테디포엠서방정20/1000밀리그램","Metformin HCl + Teneligliptin","MET+DPP4","1g/20mg","665","2026-05-01","HIRA reimbursed drug list (effective 2026-05-01), MFDS class 396; supported oral classes only"
"테디포정20밀리그램","Teneligliptin","DPP4","20mg","665","2026-05-01","HIRA reimbursed drug list (effective 2026-05-01), MFDS class 396; supported oral classes only"
"테라립틴듀오서방정10/500밀리그램","Metformin HCl + Teneligliptin","MET+DPP4","0.5g/10mg","334","2026-05-01","HIRA reimbursed drug list (effective 2026-05-01), MFDS class 396; supported oral classes only"
"테라립틴듀오서방정10/750밀리그램","Metformin HCl + Teneligliptin","MET+DPP4","0.75g/10mg","334","2026-05-01","HIRA reimbursed drug list (effective 2026-05-01), MFDS class 396; supported oral classes only"
"테라립틴듀오서방정20/1000밀리그램","Metformin HCl + Teneligliptin","MET+DPP4","1g/20mg","665","2026-05-01","HIRA reimbursed drug list (effective 2026-05-01), MFDS class 396; supported oral classes only"
"테라립틴정20밀리그램","Teneligliptin","DPP4","20mg","665","2026-05-01","HIRA reimbursed drug list (effective 2026-05-01), MFDS class 396; supported oral classes only"
"테라메트엑스알서방정100/1000밀리그램","Metformin HCl + Sitagliptin","MET+DPP4","1g/0.1g","572","2026-05-01","HIRA reimbursed drug list (effective 2026-05-01), MFDS class 396; supported oral classes only"
"테라메트엑스알서방정50/1000밀리그램","Metformin HCl + Sitagliptin","MET+DPP4","1g/50mg","420","2026-05-01","HIRA reimbursed drug list (effective 2026-05-01), MFDS class 396; supported oral classes only"
"테라메트엑스알서방정50/500밀리그램","Metformin HCl + Sitagliptin","MET+DPP4","0.5g/50mg","381","2026-05-01","HIRA reimbursed drug list (effective 2026-05-01), MFDS class 396; supported oral classes only"
"테라비아정100밀리그램","Sitagliptin","DPP4","0.1g","453","2026-05-01","HIRA reimbursed drug list (effective 2026-05-01), MFDS class 396; supported oral classes only"
"테라비아정25밀리그램","Sitagliptin","DPP4","25mg","200","2026-05-01","HIRA reimbursed drug list (effective 2026-05-01), MFDS class 396; supported oral classes only"
"테라비아정50밀리그램","Sitagliptin","DPP4","50mg","301","2026-05-01","HIRA reimbursed drug list (effective 2026-05-01), MFDS class 396; supported oral classes only"
"테리글메트서방정10/500밀리그램","Metformin HCl + Teneligliptin","MET+DPP4","0.5g/10mg","334","2026-05-01","HIRA reimbursed drug list (effective 2026-05-01), MFDS class 396; supported oral classes only"
"테리글메트서방정10/750밀리그램","Metformin HCl + Teneligliptin","MET+DPP4","0.75g/10mg","334","2026-05-01","HIRA reimbursed drug list (effective 2026-05-01), MFDS class 396; supported oral classes only"
"테리글메트서방정20/1000밀리그램","Metformin HCl + Teneligliptin","MET+DPP4","1g/20mg","665","2026-05-01","HIRA reimbursed drug list (effective 2026-05-01), MFDS class 396; supported oral classes only"
"테리글정20밀리그램","Teneligliptin","DPP4","20mg","665","2026-05-01","HIRA reimbursed drug list (effective 2026-05-01), MFDS class 396; supported oral classes only"
"테리아엠서방정10/500밀리그램","Metformin HCl + Teneligliptin","MET+DPP4","0.5g/10mg","334","2026-05-01","HIRA reimbursed drug list (effective 2026-05-01), MFDS class 396; supported oral classes only"
"테리아엠서방정10/750밀리그램","Metformin HCl + Teneligliptin","MET+DPP4","0.75g/10mg","334","2026-05-01","HIRA reimbursed drug list (effective 2026-05-01), MFDS class 396; supported oral classes only"
"테리아엠서방정20/1000밀리그램","Metformin HCl + Teneligliptin","MET+DPP4","1g/20mg","665","2026-05-01","HIRA reimbursed drug list (effective 2026-05-01), MFDS class 396; supported oral classes only"
"테리아정20밀리그램","Teneligliptin","DPP4","20mg","665","2026-05-01","HIRA reimbursed drug list (effective 2026-05-01), MFDS class 396; supported oral classes only"
"테리움엠서방정10/500밀리그램","Metformin HCl + Teneligliptin","MET+DPP4","0.5g/10mg","334","2026-05-01","HIRA reimbursed drug list (effective 2026-05-01), MFDS class 396; supported oral classes only"
"테리움엠서방정10/750밀리그램","Metformin HCl + Teneligliptin","MET+DPP4","0.75g/10mg","334","2026-05-01","HIRA reimbursed drug list (effective 2026-05-01), MFDS class 396; supported oral classes only"
"테리움엠서방정20/1000밀리그램","Metformin HCl + Teneligliptin","MET+DPP4","1g/20mg","665","2026-05-01","HIRA reimbursed drug list (effective 2026-05-01), MFDS class 396; supported oral classes only"
"테리움정20밀리그램","Teneligliptin","DPP4","20mg","665","2026-05-01","HIRA reimbursed drug list (effective 2026-05-01), MFDS class 396; supported oral classes only"
"테립틴엠서방정10/500밀리그램","Metformin HCl + Teneligliptin","MET+DPP4","0.5g/10mg","334","2026-05-01","HIRA reimbursed drug list (effective 2026-05-01), MFDS class 396; supported oral classes only"
"테립틴엠서방정10/750밀리그램","Metformin HCl + Teneligliptin","MET+DPP4","0.75g/10mg","334","2026-05-01","HIRA reimbursed drug list (effective 2026-05-01), MFDS class 396; supported oral classes only"
"테립틴엠서방정20/1000밀리그램","Metformin HCl + Teneligliptin","MET+DPP4","1g/20mg","665","2026-05-01","HIRA reimbursed drug list (effective 2026-05-01), MFDS class 396; supported oral classes only"
"테립틴정20밀리그램","Teneligliptin","DPP4","20mg","665","2026-05-01","HIRA reimbursed drug list (effective 2026-05-01), MFDS class 396; supported oral classes only"
"텔리아엠서방정10/500밀리그램","Metformin HCl + Teneligliptin","MET+DPP4","0.5g/10mg","334","2026-05-01","HIRA reimbursed drug list (effective 2026-05-01), MFDS class 396; supported oral classes only"
"텔리아엠서방정10/750밀리그램","Metformin HCl + Teneligliptin","MET+DPP4","0.75g/10mg","334","2026-05-01","HIRA reimbursed drug list (effective 2026-05-01), MFDS class 396; supported oral classes only"
"텔리아엠서방정20/1000밀리그램","Metformin HCl + Teneligliptin","MET+DPP4","1g/20mg","665","2026-05-01","HIRA reimbursed drug list (effective 2026-05-01), MFDS class 396; supported oral classes only"
"텔리아정20밀리그램","Teneligliptin","DPP4","20mg","665","2026-05-01","HIRA reimbursed drug list (effective 2026-05-01), MFDS class 396; supported oral classes only"
"트라글립틴듀오정2.5/1000mg","Linagliptin + Metformin HCl","DPP4+MET","2.5mg/1g","344","2026-05-01","HIRA reimbursed drug list (effective 2026-05-01), MFDS class 396; supported oral classes only"
"트라글립틴듀오정2.5/500mg","Linagliptin + Metformin HCl","DPP4+MET","2.5mg/0.5g","338","2026-05-01","HIRA reimbursed drug list (effective 2026-05-01), MFDS class 396; supported oral classes only"
"트라글립틴듀오정2.5/850mg","Linagliptin + Metformin HCl","DPP4+MET","2.5mg/0.85g","338","2026-05-01","HIRA reimbursed drug list (effective 2026-05-01), MFDS class 396; supported oral classes only"
"트라글립틴정","Linagliptin","DPP4","5mg","402","2026-05-01","HIRA reimbursed drug list (effective 2026-05-01), MFDS class 396; supported oral classes only"
"트라듀오서방정5/1000밀리그램","Linagliptin + Metformin HCl","DPP4+MET","5mg/1g","521","2026-05-01","HIRA reimbursed drug list (effective 2026-05-01), MFDS class 396; supported oral classes only"
"트라듀오엠파서방정10/5/1000밀리그램","Empagliflozin + Linagliptin + Metformin HCl","SGLT2_EM+DPP4+MET","10mg/5mg/1g","833","2026-05-01","HIRA reimbursed drug list (effective 2026-05-01), MFDS class 396; supported oral classes only"
"트라듀오엠파서방정25/5/1000밀리그램","Empagliflozin + Linagliptin + Metformin HCl","SGLT2_EM+DPP4+MET","25mg/5mg/1g","929","2026-05-01","HIRA reimbursed drug list (effective 2026-05-01), MFDS class 396; supported oral classes only"
"트라디엠듀오정2.5/1000밀리그램","Linagliptin + Metformin HCl","DPP4+MET","2.5mg/1g","344","2026-05-01","HIRA reimbursed drug list (effective 2026-05-01), MFDS class 396; supported oral classes only"
"트라디엠듀오정2.5/500밀리그램","Linagliptin + Metformin HCl","DPP4+MET","2.5mg/0.5g","338","2026-05-01","HIRA reimbursed drug list (effective 2026-05-01), MFDS class 396; supported oral classes only"
"트라디엠듀오정2.5/850밀리그램","Linagliptin + Metformin HCl","DPP4+MET","2.5mg/0.85g","338","2026-05-01","HIRA reimbursed drug list (effective 2026-05-01), MFDS class 396; supported oral classes only"
"트라디엠정5밀리그램","Linagliptin","DPP4","5mg","402","2026-05-01","HIRA reimbursed drug list (effective 2026-05-01), MFDS class 396; supported oral classes only"
"트라리틴정","Linagliptin","DPP4","5mg","402","2026-05-01","HIRA reimbursed drug list (effective 2026-05-01), MFDS class 396; supported oral classes only"
"트라리틴콤비서방정2.5/1000밀리그램","Linagliptin + Metformin HCl","DPP4+MET","2.5mg/1g","387","2026-05-01","HIRA reimbursed drug list (effective 2026-05-01), MFDS class 396; supported oral classes only"
"트라리틴콤비서방정2.5/750밀리그램","Linagliptin + Metformin HCl","DPP4+MET","2.5mg/0.75g","338","2026-05-01","HIRA reimbursed drug list (effective 2026-05-01), MFDS class 396; supported oral classes only"
"트라리틴콤비서방정5/1000밀리그램","Linagliptin + Metformin HCl","DPP4+MET","5mg/1g","521","2026-05-01","HIRA reimbursed drug list (effective 2026-05-01), MFDS class 396; supported oral classes only"
"트라시가정10/5밀리그램","Dapagliflozin + Linagliptin","SGLT2_DA+DPP4","10mg/5mg","795","2026-05-01","HIRA reimbursed drug list (effective 2026-05-01), MFDS class 396; supported oral classes only"
"트라이나엠서방정2.5/1000밀리그램","Linagliptin + Metformin HCl","DPP4+MET","2.5mg/1g","387","2026-05-01","HIRA reimbursed drug list (effective 2026-05-01), MFDS class 396; supported oral classes only"
"트라이나엠서방정5/1000밀리그램","Linagliptin + Metformin HCl","DPP4+MET","5mg/1g","521","2026-05-01","HIRA reimbursed drug list (effective 2026-05-01), MFDS class 396; supported oral classes only"
"트라이나엠정2.5/1000밀리그램","Linagliptin + Metformin HCl","DPP4+MET","2.5mg/1g","344","2026-05-01","HIRA reimbursed drug list (effective 2026-05-01), MFDS class 396; supported oral classes only"
"트라이나엠정2.5/500밀리그램","Linagliptin + Metformin HCl","DPP4+MET","2.5mg/0.5g","338","2026-05-01","HIRA reimbursed drug list (effective 2026-05-01), MFDS class 396; supported oral classes only"
"트라이나엠정2.5/850밀리그램","Linagliptin + Metformin HCl","DPP4+MET","2.5mg/0.85g","338","2026-05-01","HIRA reimbursed drug list (effective 2026-05-01), MFDS class 396; supported oral classes only"
"트라이나정5밀리그램","Linagliptin","DPP4","5mg","402","2026-05-01","HIRA reimbursed drug list (effective 2026-05-01), MFDS class 396; supported oral classes only"
"트라젠타듀오정2.5/1000밀리그램","Linagliptin + Metformin HCl","DPP4+MET","2.5mg/1g","344","2026-05-01","HIRA reimbursed drug list (effective 2026-05-01), MFDS class 396; supported oral classes only"
"트라젠타듀오정2.5/500밀리그램","Linagliptin + Metformin HCl","DPP4+MET","2.5mg/0.5g","338","2026-05-01","HIRA reimbursed drug list (effective 2026-05-01), MFDS class 396; supported oral classes only"
"트라젠타듀오정2.5/850밀리그램","Linagliptin + Metformin HCl","DPP4+MET","2.5mg/0.85g","338","2026-05-01","HIRA reimbursed drug list (effective 2026-05-01), MFDS class 396; supported oral classes only"
"트라젠타정","Linagliptin","DPP4","5mg","402","2026-05-01","HIRA reimbursed drug list (effective 2026-05-01), MFDS class 396; supported oral classes only"
"트라케이듀오서방정2.5/1000밀리그램","Linagliptin + Metformin HCl","DPP4+MET","2.5mg/1g","387","2026-05-01","HIRA reimbursed drug list (effective 2026-05-01), MFDS class 396; supported oral classes only"
"트라케이듀오서방정5/1000밀리그램","Linagliptin + Metformin HCl","DPP4+MET","5mg/1g","521","2026-05-01","HIRA reimbursed drug list (effective 2026-05-01), MFDS class 396; supported oral classes only"
"트라케이듀오정2.5/1000밀리그램","Linagliptin + Metformin HCl","DPP4+MET","2.5mg/1g","344","2026-05-01","HIRA reimbursed drug list (effective 2026-05-01), MFDS class 396; supported oral classes only"
"트라케이듀오정2.5/500밀리그램","Linagliptin + Metformin HCl","DPP4+MET","2.5mg/0.5g","338","2026-05-01","HIRA reimbursed drug list (effective 2026-05-01), MFDS class 396; supported oral classes only"
"트라케이듀오정2.5/850밀리그램","Linagliptin + Metformin HCl","DPP4+MET","2.5mg/0.85g","338","2026-05-01","HIRA reimbursed drug list (effective 2026-05-01), MFDS class 396; supported oral classes only"
"트라케이정","Linagliptin","DPP4","5mg","402","2026-05-01","HIRA reimbursed drug list (effective 2026-05-01), MFDS class 396; supported oral classes only"
"트란타듀오정2.5/1000밀리그램","Linagliptin + Metformin HCl","DPP4+MET","2.5mg/1g","292","2026-05-01","HIRA reimbursed drug list (effective 2026-05-01), MFDS class 396; supported oral classes only"
"트란타듀오정2.5/500밀리그램","Linagliptin + Metformin HCl","DPP4+MET","2.5mg/0.5g","287","2026-05-01","HIRA reimbursed drug list (effective 2026-05-01), MFDS class 396; supported oral classes only"
"트란타듀오정2.5/850밀리그램","Linagliptin + Metformin HCl","DPP4+MET","2.5mg/0.85g","287","2026-05-01","HIRA reimbursed drug list (effective 2026-05-01), MFDS class 396; supported oral classes only"
"트란타정5밀리그램","Linagliptin","DPP4","5mg","341","2026-05-01","HIRA reimbursed drug list (effective 2026-05-01), MFDS class 396; supported oral classes only"
"트루다파엘정10/5밀리그램","Dapagliflozin + Linagliptin","SGLT2_DA+DPP4","10mg/5mg","795","2026-05-01","HIRA reimbursed drug list (effective 2026-05-01), MFDS class 396; supported oral classes only"
"트루다파엠서방정10/1000밀리그램","Dapagliflozin + Metformin HCl","SGLT2_DA+MET","10mg/1g","512","2026-05-01","HIRA reimbursed drug list (effective 2026-05-01), MFDS class 396; supported oral classes only"
"트루다파엠서방정10/500밀리그램","Dapagliflozin + Metformin HCl","SGLT2_DA+MET","10mg/0.5g","473","2026-05-01","HIRA reimbursed drug list (effective 2026-05-01), MFDS class 396; supported oral classes only"
"트루다파정10밀리그램","Dapagliflozin","SGLT2_DA","10mg","393","2026-05-01","HIRA reimbursed drug list (effective 2026-05-01), MFDS class 396; supported oral classes only"
"트루다파정5밀리그램","Dapagliflozin","SGLT2_DA","5mg","223","2026-05-01","HIRA reimbursed drug list (effective 2026-05-01), MFDS class 396; supported oral classes only"
"트루디에스엠서방정10/100/1000밀리그램","Dapagliflozin + Metformin HCl + Sitagliptin","SGLT2_DA+MET+DPP4","10mg/1g/0.1g","965","2026-05-01","HIRA reimbursed drug list (effective 2026-05-01), MFDS class 396; supported oral classes only"
"트루디에스엠서방정5/50/1000밀리그램","Dapagliflozin + Metformin HCl + Sitagliptin","SGLT2_DA+MET+DPP4","5mg/1g/50mg","682","2026-05-01","HIRA reimbursed drug list (effective 2026-05-01), MFDS class 396; supported oral classes only"
"트루디에스정10/100밀리그램","Dapagliflozin + Sitagliptin","SGLT2_DA+DPP4","10mg/0.1g","846","2026-05-01","HIRA reimbursed drug list (effective 2026-05-01), MFDS class 396; supported oral classes only"
"트루리나엠서방정2.5/1000밀리그램","Linagliptin + Metformin HCl","DPP4+MET","2.5mg/1g","387","2026-05-01","HIRA reimbursed drug list (effective 2026-05-01), MFDS class 396; supported oral classes only"
"트루리나엠서방정5/1000밀리그램","Linagliptin + Metformin HCl","DPP4+MET","5mg/1g","521","2026-05-01","HIRA reimbursed drug list (effective 2026-05-01), MFDS class 396; supported oral classes only"
"트루리나엠정2.5/1000mg","Linagliptin + Metformin HCl","DPP4+MET","2.5mg/1g","292","2026-05-01","HIRA reimbursed drug list (effective 2026-05-01), MFDS class 396; supported oral classes only"
"트루리나엠정2.5/500mg","Linagliptin + Metformin HCl","DPP4+MET","2.5mg/0.5g","287","2026-05-01","HIRA reimbursed drug list (effective 2026-05-01), MFDS class 396; supported oral classes only"
"트루리나엠정2.5/850mg","Linagliptin + Metformin HCl","DPP4+MET","2.5mg/0.85g","287","2026-05-01","HIRA reimbursed drug list (effective 2026-05-01), MFDS class 396; supported oral classes only"
"트루리나정","Linagliptin","DPP4","5mg","341","2026-05-01","HIRA reimbursed drug list (effective 2026-05-01), MFDS class 396; supported oral classes only"
"트루버디정10/15밀리그램","Dapagliflozin + Pioglitazone","SGLT2_DA+TZD","10mg/15mg","1039","2026-05-01","HIRA reimbursed drug list (effective 2026-05-01), MFDS class 396; supported oral classes only"
"트루버디정10/30밀리그램","Dapagliflozin + Pioglitazone","SGLT2_DA+TZD","10mg/30mg","1328","2026-05-01","HIRA reimbursed drug list (effective 2026-05-01), MFDS class 396; supported oral classes only"
"트루시타엠서방정100/1000밀리그램","Metformin HCl + Sitagliptin","MET+DPP4","1g/0.1g","572","2026-05-01","HIRA reimbursed drug list (effective 2026-05-01), MFDS class 396; supported oral classes only"
"트루시타엠서방정50/1000밀리그램","Metformin HCl + Sitagliptin","MET+DPP4","1g/50mg","420","2026-05-01","HIRA reimbursed drug list (effective 2026-05-01), MFDS class 396; supported oral classes only"
"트루시타엠서방정50/500밀리그램","Metformin HCl + Sitagliptin","MET+DPP4","0.5g/50mg","371","2026-05-01","HIRA reimbursed drug list (effective 2026-05-01), MFDS class 396; supported oral classes only"
"트루시타엠서방정50/750밀리그램","Metformin HCl + Sitagliptin","MET+DPP4","0.75g/50mg","371","2026-05-01","HIRA reimbursed drug list (effective 2026-05-01), MFDS class 396; supported oral classes only"
"트루시타엠정50/1000밀리그램","Metformin HCl + Sitagliptin","MET+DPP4","1g/50mg","377","2026-05-01","HIRA reimbursed drug list (effective 2026-05-01), MFDS class 396; supported oral classes only"
"트루시타엠정50/500밀리그램","Metformin HCl + Sitagliptin","MET+DPP4","0.5g/50mg","371","2026-05-01","HIRA reimbursed drug list (effective 2026-05-01), MFDS class 396; supported oral classes only"
"트루시타엠정50/850밀리그램","Metformin HCl + Sitagliptin","MET+DPP4","0.85g/50mg","371","2026-05-01","HIRA reimbursed drug list (effective 2026-05-01), MFDS class 396; supported oral classes only"
"트루시타정100밀리그램","Sitagliptin","DPP4","0.1g","453","2026-05-01","HIRA reimbursed drug list (effective 2026-05-01), MFDS class 396; supported oral classes only"
"트루시타정25밀리그램","Sitagliptin","DPP4","25mg","200","2026-05-01","HIRA reimbursed drug list (effective 2026-05-01), MFDS class 396; supported oral classes only"
"트루시타정50밀리그램","Sitagliptin","DPP4","50mg","301","2026-05-01","HIRA reimbursed drug list (effective 2026-05-01), MFDS class 396; supported oral classes only"
"트루엠파엠서방정10/1000밀리그램","Empagliflozin + Metformin HCl","SGLT2_EM+MET","10mg/1g","431","2026-05-01","HIRA reimbursed drug list (effective 2026-05-01), MFDS class 396; supported oral classes only"
"트루엠파엠서방정25/1000밀리그램","Empagliflozin + Metformin HCl","SGLT2_EM+MET","25mg/1g","527","2026-05-01","HIRA reimbursed drug list (effective 2026-05-01), MFDS class 396; supported oral classes only"
"트루엠파정10밀리그램","Empagliflozin","SGLT2_EM","10mg","265","2026-05-01","HIRA reimbursed drug list (effective 2026-05-01), MFDS class 396; supported oral classes only"
"트루엠파정25밀리그램","Empagliflozin","SGLT2_EM","25mg","347","2026-05-01","HIRA reimbursed drug list (effective 2026-05-01), MFDS class 396; supported oral classes only"
"트리나엠서방정2.5/1000밀리그램","Linagliptin + Metformin HCl","DPP4+MET","2.5mg/1g","387","2026-05-01","HIRA reimbursed drug list (effective 2026-05-01), MFDS class 396; supported oral classes only"
"트리나엠서방정5/1000밀리그램","Linagliptin + Metformin HCl","DPP4+MET","5mg/1g","521","2026-05-01","HIRA reimbursed drug list (effective 2026-05-01), MFDS class 396; supported oral classes only"
"트리나정5밀리그램","Linagliptin","DPP4","5mg","402","2026-05-01","HIRA reimbursed drug list (effective 2026-05-01), MFDS class 396; supported oral classes only"
"트립엠듀오서방정2.5/1000밀리그램","Linagliptin + Metformin HCl","DPP4+MET","2.5mg/1g","387","2026-05-01","HIRA reimbursed drug list (effective 2026-05-01), MFDS class 396; supported oral classes only"
"트립엠듀오서방정5/1000밀리그램","Linagliptin + Metformin HCl","DPP4+MET","5mg/1g","521","2026-05-01","HIRA reimbursed drug list (effective 2026-05-01), MFDS class 396; supported oral classes only"
"트립엠듀오정2.5/1000밀리그램","Linagliptin + Metformin HCl","DPP4+MET","2.5mg/1g","344","2026-05-01","HIRA reimbursed drug list (effective 2026-05-01), MFDS class 396; supported oral classes only"
"트립엠듀오정2.5/500밀리그램","Linagliptin + Metformin HCl","DPP4+MET","2.5mg/0.5g","338","2026-05-01","HIRA reimbursed drug list (effective 2026-05-01), MFDS class 396; supported oral classes only"
"트립엠듀오정2.5/850밀리그램","Linagliptin + Metformin HCl","DPP4+MET","2.5mg/0.85g","338","2026-05-01","HIRA reimbursed drug list (effective 2026-05-01), MFDS class 396; supported oral classes only"
"트립엠정5밀리그램","Linagliptin","DPP4","5mg","402","2026-05-01","HIRA reimbursed drug list (effective 2026-05-01), MFDS class 396; supported oral classes only"
"티네글립엠서방정10/500밀리그램","Metformin HCl + Teneligliptin","MET+DPP4","0.5g/10mg","334","2026-05-01","HIRA reimbursed drug list (effective 2026-05-01), MFDS class 396; supported oral classes only"
"티네글립엠서방정10/750밀리그램","Metformin HCl + Teneligliptin","MET+DPP4","0.75g/10mg","334","2026-05-01","HIRA reimbursed drug list (effective 2026-05-01), MFDS class 396; supported oral classes only"
"티네글립엠서방정20/1000밀리그램","Metformin HCl + Teneligliptin","MET+DPP4","1g/20mg","665","2026-05-01","HIRA reimbursed drug list (effective 2026-05-01), MFDS class 396; supported oral classes only"
"티네글립정20밀리그램","Teneligliptin","DPP4","20mg","665","2026-05-01","HIRA reimbursed drug list (effective 2026-05-01), MFDS class 396; supported oral classes only"
"티디콤비정10/100밀리그램","Dapagliflozin + Sitagliptin","SGLT2_DA+DPP4","10mg/0.1g","846","2026-05-01","HIRA reimbursed drug list (effective 2026-05-01), MFDS class 396; supported oral classes only"
"티지피글리메피리드정2밀리그램","Glimepiride","SU","2mg","157","2026-05-01","HIRA reimbursed drug list (effective 2026-05-01), MFDS class 396; supported oral classes only"
"파마엠파로우듀오정12.5/1000밀리그램","Empagliflozin + Metformin HCl","SGLT2_EM+MET","12.5mg/1g","365","2026-05-01","HIRA reimbursed drug list (effective 2026-05-01), MFDS class 396; supported oral classes only"
"파마엠파로우듀오정12.5/500밀리그램","Empagliflozin + Metformin HCl","SGLT2_EM+MET","12.5mg/0.5g","360","2026-05-01","HIRA reimbursed drug list (effective 2026-05-01), MFDS class 396; supported oral classes only"
"파마엠파로우듀오정12.5/850밀리그램","Empagliflozin + Metformin HCl","SGLT2_EM+MET","12.5mg/0.85g","360","2026-05-01","HIRA reimbursed drug list (effective 2026-05-01), MFDS class 396; supported oral classes only"
"파마엠파로우듀오정5/1000밀리그램","Empagliflozin + Metformin HCl","SGLT2_EM+MET","5mg/1g","241","2026-05-01","HIRA reimbursed drug list (effective 2026-05-01), MFDS class 396; supported oral classes only"
"파마엠파로우듀오정5/500밀리그램","Empagliflozin + Metformin HCl","SGLT2_EM+MET","5mg/0.5g","236","2026-05-01","HIRA reimbursed drug list (effective 2026-05-01), MFDS class 396; supported oral classes only"
"파마엠파로우듀오정5/850밀리그램","Empagliflozin + Metformin HCl","SGLT2_EM+MET","5mg/0.85g","236","2026-05-01","HIRA reimbursed drug list (effective 2026-05-01), MFDS class 396; supported oral classes only"
"파마엠파로우정10밀리그램","Empagliflozin","SGLT2_EM","10mg","265","2026-05-01","HIRA reimbursed drug list (effective 2026-05-01), MFDS class 396; supported oral classes only"
"파마엠파로우정25밀리그램","Empagliflozin","SGLT2_EM","25mg","347","2026-05-01","HIRA reimbursed drug list (effective 2026-05-01), MFDS class 396; supported oral classes only"
"파존메트정15/850밀리그램","Metformin HCl + Pioglitazone","MET+TZD","0.85g/15mg","607","2026-05-01","HIRA reimbursed drug list (effective 2026-05-01), MFDS class 396; supported oral classes only"
"파존정15밀리그램","Pioglitazone","TZD","15mg","648","2026-05-01","HIRA reimbursed drug list (effective 2026-05-01), MFDS class 396; supported oral classes only"
"파존정30밀리그램","Pioglitazone","TZD","30mg","799","2026-05-01","HIRA reimbursed drug list (effective 2026-05-01), MFDS class 396; supported oral classes only"
"팩토스정","Pioglitazone","TZD","15mg","472","2026-05-01","HIRA reimbursed drug list (effective 2026-05-01), MFDS class 396; supported oral classes only"
"포글로엠서방정10/1000밀리그램","Dapagliflozin + Metformin HCl","SGLT2_DA+MET","10mg/1g","435","2026-05-01","HIRA reimbursed drug list (effective 2026-05-01), MFDS class 396; supported oral classes only"
"포글로정10밀리그램","Dapagliflozin","SGLT2_DA","10mg","334","2026-05-01","HIRA reimbursed drug list (effective 2026-05-01), MFDS class 396; supported oral classes only"
"포글로정5밀리그램","Dapagliflozin","SGLT2_DA","5mg","262","2026-05-01","HIRA reimbursed drug list (effective 2026-05-01), MFDS class 396; supported oral classes only"
"포글리진정10밀리그램","Dapagliflozin","SGLT2_DA","10mg","334","2026-05-01","HIRA reimbursed drug list (effective 2026-05-01), MFDS class 396; supported oral classes only"
"포글리진정5밀리그램","Dapagliflozin","SGLT2_DA","5mg","262","2026-05-01","HIRA reimbursed drug list (effective 2026-05-01), MFDS class 396; supported oral classes only"
"포글린정10밀리그램","Dapagliflozin","SGLT2_DA","10mg","334","2026-05-01","HIRA reimbursed drug list (effective 2026-05-01), MFDS class 396; supported oral classes only"
"포글린정5밀리그램","Dapagliflozin","SGLT2_DA","5mg","262","2026-05-01","HIRA reimbursed drug list (effective 2026-05-01), MFDS class 396; supported oral classes only"
"포누비아정 10/100밀리그램","Dapagliflozin + Sitagliptin","SGLT2_DA+DPP4","10mg/0.1g","846","2026-05-01","HIRA reimbursed drug list (effective 2026-05-01), MFDS class 396; supported oral classes only"
"포다글정10밀리그램","Dapagliflozin","SGLT2_DA","10mg","334","2026-05-01","HIRA reimbursed drug list (effective 2026-05-01), MFDS class 396; supported oral classes only"
"포디엠정1/250밀리그램","Glimepiride + Metformin HCl","SU+MET","1mg/0.25g","132","2026-05-01","HIRA reimbursed drug list (effective 2026-05-01), MFDS class 396; supported oral classes only"
"포디엠정2/500밀리그램","Glimepiride + Metformin HCl","SU+MET","2mg/0.5g","197","2026-05-01","HIRA reimbursed drug list (effective 2026-05-01), MFDS class 396; supported oral classes only"
"포르자듀오정10/100밀리그램","Dapagliflozin + Sitagliptin","SGLT2_DA+DPP4","10mg/0.1g","846","2026-05-01","HIRA reimbursed drug list (effective 2026-05-01), MFDS class 396; supported oral classes only"
"포비글정10/100밀리그램","Dapagliflozin + Sitagliptin","SGLT2_DA+DPP4","10mg/0.1g","846","2026-05-01","HIRA reimbursed drug list (effective 2026-05-01), MFDS class 396; supported oral classes only"
"포사리나정10/5밀리그램","Dapagliflozin + Linagliptin","SGLT2_DA+DPP4","10mg/5mg","795","2026-05-01","HIRA reimbursed drug list (effective 2026-05-01), MFDS class 396; supported oral classes only"
"포사린정10밀리그램","Dapagliflozin","SGLT2_DA","10mg","334","2026-05-01","HIRA reimbursed drug list (effective 2026-05-01), MFDS class 396; supported oral classes only"
"포사린플러스정10/100밀리그램","Dapagliflozin + Sitagliptin","SGLT2_DA+DPP4","10mg/0.1g","846","2026-05-01","HIRA reimbursed drug list (effective 2026-05-01), MFDS class 396; supported oral classes only"
"포슈벳듀오서방정10/1000밀리그램","Dapagliflozin + Metformin HCl","SGLT2_DA+MET","10mg/1g","512","2026-05-01","HIRA reimbursed drug list (effective 2026-05-01), MFDS class 396; supported oral classes only"
"포슈벳듀오서방정10/500밀리그램","Dapagliflozin + Metformin HCl","SGLT2_DA+MET","10mg/0.5g","402","2026-05-01","HIRA reimbursed drug list (effective 2026-05-01), MFDS class 396; supported oral classes only"
"포슈벳정10밀리그램","Dapagliflozin","SGLT2_DA","10mg","393","2026-05-01","HIRA reimbursed drug list (effective 2026-05-01), MFDS class 396; supported oral classes only"
"포슈벳정5밀리그램","Dapagliflozin","SGLT2_DA","5mg","262","2026-05-01","HIRA reimbursed drug list (effective 2026-05-01), MFDS class 396; supported oral classes only"
"포시글리듀오서방정10/1000밀리그램","Dapagliflozin + Metformin HCl","SGLT2_DA+MET","10mg/1g","512","2026-05-01","HIRA reimbursed drug list (effective 2026-05-01), MFDS class 396; supported oral classes only"
"포시글리듀오서방정10/500밀리그램","Dapagliflozin + Metformin HCl","SGLT2_DA+MET","10mg/0.5g","473","2026-05-01","HIRA reimbursed drug list (effective 2026-05-01), MFDS class 396; supported oral classes only"
"포시글리정10밀리그램","Dapagliflozin","SGLT2_DA","10mg","393","2026-05-01","HIRA reimbursed drug list (effective 2026-05-01), MFDS class 396; supported oral classes only"
"포시글립엠정10/100밀리그램","Dapagliflozin + Sitagliptin","SGLT2_DA+DPP4","10mg/0.1g","846","2026-05-01","HIRA reimbursed drug list (effective 2026-05-01), MFDS class 396; supported oral classes only"
"포시다베정10/100밀리그램","Dapagliflozin + Sitagliptin","SGLT2_DA+DPP4","10mg/0.1g","846","2026-05-01","HIRA reimbursed drug list (effective 2026-05-01), MFDS class 396; supported oral classes only"
"포시다파엠서방정10/1000밀리그램","Dapagliflozin + Metformin HCl","SGLT2_DA+MET","10mg/1g","435","2026-05-01","HIRA reimbursed drug list (effective 2026-05-01), MFDS class 396; supported oral classes only"
"포시다파엠서방정10/500밀리그램","Dapagliflozin + Metformin HCl","SGLT2_DA+MET","10mg/0.5g","402","2026-05-01","HIRA reimbursed drug list (effective 2026-05-01), MFDS class 396; supported oral classes only"
"포시다파엠서방정5/500밀리그램","Dapagliflozin + Metformin HCl","SGLT2_DA+MET","5mg/0.5g","342","2026-05-01","HIRA reimbursed drug list (effective 2026-05-01), MFDS class 396; supported oral classes only"
"포시다파정10밀리그램","Dapagliflozin","SGLT2_DA","10mg","393","2026-05-01","HIRA reimbursed drug list (effective 2026-05-01), MFDS class 396; supported oral classes only"
"포시디엠서방정10/1000밀리그램","Dapagliflozin + Metformin HCl","SGLT2_DA+MET","10mg/1g","512","2026-05-01","HIRA reimbursed drug list (effective 2026-05-01), MFDS class 396; supported oral classes only"
"포시디엠서방정10/500밀리그램","Dapagliflozin + Metformin HCl","SGLT2_DA+MET","10mg/0.5g","473","2026-05-01","HIRA reimbursed drug list (effective 2026-05-01), MFDS class 396; supported oral classes only"
"포시디엠서방정5/500밀리그램","Dapagliflozin + Metformin HCl","SGLT2_DA+MET","5mg/0.5g","342","2026-05-01","HIRA reimbursed drug list (effective 2026-05-01), MFDS class 396; supported oral classes only"
"포시디정10밀리그램","Dapagliflozin","SGLT2_DA","10mg","393","2026-05-01","HIRA reimbursed drug list (effective 2026-05-01), MFDS class 396; supported oral classes only"
"포시로멧서방정10/1000밀리그램","Dapagliflozin + Metformin HCl","SGLT2_DA+MET","10mg/1g","435","2026-05-01","HIRA reimbursed drug list (effective 2026-05-01), MFDS class 396; supported oral classes only"
"포시로멧서방정10/500밀리그램","Dapagliflozin + Metformin HCl","SGLT2_DA+MET","10mg/0.5g","402","2026-05-01","HIRA reimbursed drug list (effective 2026-05-01), MFDS class 396; supported oral classes only"
"포시로멧서방정5/500밀리그램","Dapagliflozin + Metformin HCl","SGLT2_DA+MET","5mg/0.5g","342","2026-05-01","HIRA reimbursed drug list (effective 2026-05-01), MFDS class 396; supported oral classes only"
"포시로정10밀리그램","Dapagliflozin","SGLT2_DA","10mg","334","2026-05-01","HIRA reimbursed drug list (effective 2026-05-01), MFDS class 396; supported oral classes only"
"포시로정5밀리그램","Dapagliflozin","SGLT2_DA","5mg","262","2026-05-01","HIRA reimbursed drug list (effective 2026-05-01), MFDS class 396; supported oral classes only"
"포시리진정10밀리그램","Dapagliflozin","SGLT2_DA","10mg","334","2026-05-01","HIRA reimbursed drug list (effective 2026-05-01), MFDS class 396; supported oral classes only"
"포시메트서방정10/1000밀리그램","Dapagliflozin + Metformin HCl","SGLT2_DA+MET","10mg/1g","512","2026-05-01","HIRA reimbursed drug list (effective 2026-05-01), MFDS class 396; supported oral classes only"
"포시비스정10/100밀리그램","Dapagliflozin + Sitagliptin","SGLT2_DA+DPP4","10mg/0.1g","846","2026-05-01","HIRA reimbursed drug list (effective 2026-05-01), MFDS class 396; supported oral classes only"
"포시비아정10/100밀리그램","Dapagliflozin + Sitagliptin","SGLT2_DA+DPP4","10mg/0.1g","846","2026-05-01","HIRA reimbursed drug list (effective 2026-05-01), MFDS class 396; supported oral classes only"
"포시아정10/100밀리그램","Dapagliflozin + Sitagliptin","SGLT2_DA+DPP4","10mg/0.1g","846","2026-05-01","HIRA reimbursed drug list (effective 2026-05-01), MFDS class 396; supported oral classes only"
"포시엘정10밀리그램","Dapagliflozin","SGLT2_DA","10mg","334","2026-05-01","HIRA reimbursed drug list (effective 2026-05-01), MFDS class 396; supported oral classes only"
"포시엘정5밀리그램","Dapagliflozin","SGLT2_DA","5mg","262","2026-05-01","HIRA reimbursed drug list (effective 2026-05-01), MFDS class 396; supported oral classes only"
"포시올정10밀리그램","Dapagliflozin","SGLT2_DA","10mg","334","2026-05-01","HIRA reimbursed drug list (effective 2026-05-01), MFDS class 396; supported oral classes only"
"포시젠타정","Dapagliflozin + Linagliptin","SGLT2_DA+DPP4","10mg/5mg","795","2026-05-01","HIRA reimbursed drug list (effective 2026-05-01), MFDS class 396; supported oral classes only"
"포시콤비정10/100밀리그램","Dapagliflozin + Sitagliptin","SGLT2_DA+DPP4","10mg/0.1g","846","2026-05-01","HIRA reimbursed drug list (effective 2026-05-01), MFDS class 396; supported oral classes only"
"포시타엠서방정10/100/1000밀리그램","Dapagliflozin + Metformin HCl + Sitagliptin","SGLT2_DA+MET+DPP4","10mg/1g/0.1g","965","2026-05-01","HIRA reimbursed drug list (effective 2026-05-01), MFDS class 396; supported oral classes only"
"포시타엠서방정5/50/1000밀리그램","Dapagliflozin + Metformin HCl + Sitagliptin","SGLT2_DA+MET+DPP4","5mg/1g/50mg","682","2026-05-01","HIRA reimbursed drug list (effective 2026-05-01), MFDS class 396; supported oral classes only"
"포실로진에스정","Dapagliflozin + Sitagliptin","SGLT2_DA+DPP4","10mg/0.1g","846","2026-05-01","HIRA reimbursed drug list (effective 2026-05-01), MFDS class 396; supported oral classes only"
"포실로진정10밀리그램","Dapagliflozin","SGLT2_DA","10mg","393","2026-05-01","HIRA reimbursed drug list (effective 2026-05-01), MFDS class 396; supported oral classes only"
"폴민다파서방정10/1000밀리그램","Dapagliflozin + Metformin HCl","SGLT2_DA+MET","10mg/1g","435","2026-05-01","HIRA reimbursed drug list (effective 2026-05-01), MFDS class 396; supported oral classes only"
"폴민다파서방정10/500밀리그램","Dapagliflozin + Metformin HCl","SGLT2_DA+MET","10mg/0.5g","402","2026-05-01","HIRA reimbursed drug list (effective 2026-05-01), MFDS class 396; supported oral classes only"
"폴민리나서방정2.5/1000밀리그램","Linagliptin + Metformin HCl","DPP4+MET","2.5mg/1g","387","2026-05-01","HIRA reimbursed drug list (effective 2026-05-01), MFDS class 396; supported oral classes only"
"폴민리나서방정2.5/750밀리그램","Linagliptin + Metformin HCl","DPP4+MET","2.5mg/0.75g","338","2026-05-01","HIRA reimbursed drug list (effective 2026-05-01), MFDS class 396; supported oral classes only"
"폴민리나서방정5/1000밀리그램","Linagliptin + Metformin HCl","DPP4+MET","5mg/1g","499","2026-05-01","HIRA reimbursed drug list (effective 2026-05-01), MFDS class 396; supported oral classes only"
"폴민시타서방정100/1000밀리그램","Metformin HCl + Sitagliptin","MET+DPP4","1g/0.1g","566","2026-05-01","HIRA reimbursed drug list (effective 2026-05-01), MFDS class 396; supported oral classes only"
"폴민시타서방정50/1000밀리그램","Metformin HCl + Sitagliptin","MET+DPP4","1g/50mg","415","2026-05-01","HIRA reimbursed drug list (effective 2026-05-01), MFDS class 396; supported oral classes only"
"폴민시타서방정50/500밀리그램","Metformin HCl + Sitagliptin","MET+DPP4","0.5g/50mg","376","2026-05-01","HIRA reimbursed drug list (effective 2026-05-01), MFDS class 396; supported oral classes only"
"폴민엠파서방정10/1000밀리그램","Empagliflozin + Metformin HCl","SGLT2_EM+MET","10mg/1g","431","2026-05-01","HIRA reimbursed drug list (effective 2026-05-01), MFDS class 396; supported oral classes only"
"폴민엠파서방정12.5/1000밀리그램","Empagliflozin + Metformin HCl","SGLT2_EM+MET","12.5mg/1g","472","2026-05-01","HIRA reimbursed drug list (effective 2026-05-01), MFDS class 396; supported oral classes only"
"폴민엠파서방정25/1000밀리그램","Empagliflozin + Metformin HCl","SGLT2_EM+MET","25mg/1g","527","2026-05-01","HIRA reimbursed drug list (effective 2026-05-01), MFDS class 396; supported oral classes only"
"폴민엠파서방정5/1000밀리그램","Empagliflozin + Metformin HCl","SGLT2_EM+MET","5mg/1g","327","2026-05-01","HIRA reimbursed drug list (effective 2026-05-01), MFDS class 396; supported oral classes only"
"프로메트엑스알서방정100/1000밀리그램","Metformin HCl + Sitagliptin","MET+DPP4","1g/0.1g","572","2026-05-01","HIRA reimbursed drug list (effective 2026-05-01), MFDS class 396; supported oral classes only"
"프로메트엑스알서방정50/1000밀리그램","Metformin HCl + Sitagliptin","MET+DPP4","1g/50mg","420","2026-05-01","HIRA reimbursed drug list (effective 2026-05-01), MFDS class 396; supported oral classes only"
"프로메트엑스알서방정50/500밀리그램","Metformin HCl + Sitagliptin","MET+DPP4","0.5g/50mg","381","2026-05-01","HIRA reimbursed drug list (effective 2026-05-01), MFDS class 396; supported oral classes only"
"프로메트정50/1000밀리그램","Metformin HCl + Sitagliptin","MET+DPP4","1g/50mg","377","2026-05-01","HIRA reimbursed drug list (effective 2026-05-01), MFDS class 396; supported oral classes only"
"프로메트정50/500밀리그램","Metformin HCl + Sitagliptin","MET+DPP4","0.5g/50mg","371","2026-05-01","HIRA reimbursed drug list (effective 2026-05-01), MFDS class 396; supported oral classes only"
"프로메트정50/850밀리그램","Metformin HCl + Sitagliptin","MET+DPP4","0.85g/50mg","371","2026-05-01","HIRA reimbursed drug list (effective 2026-05-01), MFDS class 396; supported oral classes only"
"프로시타정100밀리그램","Sitagliptin","DPP4","0.1g","453","2026-05-01","HIRA reimbursed drug list (effective 2026-05-01), MFDS class 396; supported oral classes only"
"프로시타정25밀리그램","Sitagliptin","DPP4","25mg","200","2026-05-01","HIRA reimbursed drug list (effective 2026-05-01), MFDS class 396; supported oral classes only"
"프로시타정50밀리그램","Sitagliptin","DPP4","50mg","301","2026-05-01","HIRA reimbursed drug list (effective 2026-05-01), MFDS class 396; supported oral classes only"
"플로가듀오서방정10/1000밀리그램","Dapagliflozin + Metformin HCl","SGLT2_DA+MET","10mg/1g","512","2026-05-01","HIRA reimbursed drug list (effective 2026-05-01), MFDS class 396; supported oral classes only"
"플로가듀오서방정5/1000밀리그램","Dapagliflozin + Metformin HCl","SGLT2_DA+MET","5mg/1g","324","2026-05-01","HIRA reimbursed drug list (effective 2026-05-01), MFDS class 396; supported oral classes only"
"플로가엠듀오서방정10/1000밀리그램","Dapagliflozin + Metformin HCl","SGLT2_DA+MET","10mg/1g","435","2026-05-01","HIRA reimbursed drug list (effective 2026-05-01), MFDS class 396; supported oral classes only"
"플로가엠듀오서방정10/500밀리그램","Dapagliflozin + Metformin HCl","SGLT2_DA+MET","10mg/0.5g","402","2026-05-01","HIRA reimbursed drug list (effective 2026-05-01), MFDS class 396; supported oral classes only"
"플로가엠듀오서방정5/500밀리그램","Dapagliflozin + Metformin HCl","SGLT2_DA+MET","5mg/0.5g","291","2026-05-01","HIRA reimbursed drug list (effective 2026-05-01), MFDS class 396; supported oral classes only"
"플로가정10밀리그램","Dapagliflozin","SGLT2_DA","10mg","393","2026-05-01","HIRA reimbursed drug list (effective 2026-05-01), MFDS class 396; supported oral classes only"
"플로가정5밀리그램","Dapagliflozin","SGLT2_DA","5mg","262","2026-05-01","HIRA reimbursed drug list (effective 2026-05-01), MFDS class 396; supported oral classes only"
"플로시타정10/100밀리그램","Dapagliflozin + Sitagliptin","SGLT2_DA+DPP4","10mg/0.1g","846","2026-05-01","HIRA reimbursed drug list (effective 2026-05-01), MFDS class 396; supported oral classes only"
"피그리온정","Pioglitazone","TZD","15mg","551","2026-05-01","HIRA reimbursed drug list (effective 2026-05-01), MFDS class 396; supported oral classes only"
"피그존정","Pioglitazone","TZD","15mg","551","2026-05-01","HIRA reimbursed drug list (effective 2026-05-01), MFDS class 396; supported oral classes only"
"피글렌정","Pioglitazone","TZD","15mg","551","2026-05-01","HIRA reimbursed drug list (effective 2026-05-01), MFDS class 396; supported oral classes only"
"피글리정15밀리그램","Pioglitazone","TZD","15mg","648","2026-05-01","HIRA reimbursed drug list (effective 2026-05-01), MFDS class 396; supported oral classes only"
"피글리토정15밀리그램","Pioglitazone","TZD","15mg","648","2026-05-01","HIRA reimbursed drug list (effective 2026-05-01), MFDS class 396; supported oral classes only"
"피로메트정15/850밀리그램","Metformin HCl + Pioglitazone","MET+TZD","0.85g/15mg","607","2026-05-01","HIRA reimbursed drug list (effective 2026-05-01), MFDS class 396; supported oral classes only"
"피로스정","Pioglitazone","TZD","15mg","647","2026-05-01","HIRA reimbursed drug list (effective 2026-05-01), MFDS class 396; supported oral classes only"
"피리존정","Pioglitazone","TZD","15mg","551","2026-05-01","HIRA reimbursed drug list (effective 2026-05-01), MFDS class 396; supported oral classes only"
"피어리존정15밀리그램","Pioglitazone","TZD","15mg","647","2026-05-01","HIRA reimbursed drug list (effective 2026-05-01), MFDS class 396; supported oral classes only"
"피오그린정","Pioglitazone","TZD","15mg","551","2026-05-01","HIRA reimbursed drug list (effective 2026-05-01), MFDS class 396; supported oral classes only"
"피오글라정15밀리그램","Pioglitazone","TZD","15mg","643","2026-05-01","HIRA reimbursed drug list (effective 2026-05-01), MFDS class 396; supported oral classes only"
"피오글론정15밀리그램","Pioglitazone","TZD","15mg","551","2026-05-01","HIRA reimbursed drug list (effective 2026-05-01), MFDS class 396; supported oral classes only"
"피오글루정15밀리그램","Pioglitazone","TZD","15mg","539","2026-05-01","HIRA reimbursed drug list (effective 2026-05-01), MFDS class 396; supported oral classes only"
"피오글루파정15/850밀리그램","Metformin HCl + Pioglitazone","MET+TZD","0.85g/15mg","607","2026-05-01","HIRA reimbursed drug list (effective 2026-05-01), MFDS class 396; supported oral classes only"
"피오글리정","Pioglitazone","TZD","15mg","623","2026-05-01","HIRA reimbursed drug list (effective 2026-05-01), MFDS class 396; supported oral classes only"
"피오글리타정15밀리그램","Pioglitazone","TZD","15mg","648","2026-05-01","HIRA reimbursed drug list (effective 2026-05-01), MFDS class 396; supported oral classes only"
"피오글리타정30밀리그램","Pioglitazone","TZD","30mg","940","2026-05-01","HIRA reimbursed drug list (effective 2026-05-01), MFDS class 396; supported oral classes only"
"피오글시타정100/15밀리그램","Pioglitazone + Sitagliptin","TZD+DPP4","15mg/0.1g","1101","2026-05-01","HIRA reimbursed drug list (effective 2026-05-01), MFDS class 396; supported oral classes only"
"피오글시타정100/30밀리그램","Pioglitazone + Sitagliptin","TZD+DPP4","30mg/0.1g","1393","2026-05-01","HIRA reimbursed drug list (effective 2026-05-01), MFDS class 396; supported oral classes only"
"피오글정15밀리그램","Pioglitazone","TZD","15mg","648","2026-05-01","HIRA reimbursed drug list (effective 2026-05-01), MFDS class 396; supported oral classes only"
"피오나정","Pioglitazone","TZD","15mg","648","2026-05-01","HIRA reimbursed drug list (effective 2026-05-01), MFDS class 396; supported oral classes only"
"피오나정30밀리그램","Pioglitazone","TZD","30mg","940","2026-05-01","HIRA reimbursed drug list (effective 2026-05-01), MFDS class 396; supported oral classes only"
"피오다정10/15밀리그램","Dapagliflozin + Pioglitazone","SGLT2_DA+TZD","10mg/15mg","950","2026-05-01","HIRA reimbursed drug list (effective 2026-05-01), MFDS class 396; supported oral classes only"
"피오딘정","Pioglitazone","TZD","15mg","551","2026-05-01","HIRA reimbursed drug list (effective 2026-05-01), MFDS class 396; supported oral classes only"
"피오라정","Pioglitazone","TZD","15mg","551","2026-05-01","HIRA reimbursed drug list (effective 2026-05-01), MFDS class 396; supported oral classes only"
"피오렉스정","Pioglitazone","TZD","15mg","646","2026-05-01","HIRA reimbursed drug list (effective 2026-05-01), MFDS class 396; supported oral classes only"
"피오렌정","Pioglitazone","TZD","15mg","551","2026-05-01","HIRA reimbursed drug list (effective 2026-05-01), MFDS class 396; supported oral classes only"
"피오론정15밀리그램","Pioglitazone","TZD","15mg","551","2026-05-01","HIRA reimbursed drug list (effective 2026-05-01), MFDS class 396; supported oral classes only"
"피오리돈정15밀리그램","Pioglitazone","TZD","15mg","648","2026-05-01","HIRA reimbursed drug list (effective 2026-05-01), MFDS class 396; supported oral classes only"
"피오리돈정30mg","Pioglitazone","TZD","30mg","940","2026-05-01","HIRA reimbursed drug list (effective 2026-05-01), MFDS class 396; supported oral classes only"
"피오리정15밀리그램","Pioglitazone","TZD","15mg","551","2026-05-01","HIRA reimbursed drug list (effective 2026-05-01), MFDS class 396; supported oral classes only"
"피오리타정","Pioglitazone","TZD","15mg","551","2026-05-01","HIRA reimbursed drug list (effective 2026-05-01), MFDS class 396; supported oral classes only"
"피오맥스정15밀리그램","Pioglitazone","TZD","15mg","551","2026-05-01","HIRA reimbursed drug list (effective 2026-05-01), MFDS class 396; supported oral classes only"
"피오메드정15밀리그램","Pioglitazone","TZD","15mg","551","2026-05-01","HIRA reimbursed drug list (effective 2026-05-01), MFDS class 396; supported oral classes only"
"피오민메트정15/850밀리그램","Metformin HCl + Pioglitazone","MET+TZD","0.85g/15mg","607","2026-05-01","HIRA reimbursed drug list (effective 2026-05-01), MFDS class 396; supported oral classes only"
"피오민정","Pioglitazone","TZD","15mg","648","2026-05-01","HIRA reimbursed drug list (effective 2026-05-01), MFDS class 396; supported oral classes only"
"피오벡스정15mg","Pioglitazone","TZD","15mg","551","2026-05-01","HIRA reimbursed drug list (effective 2026-05-01), MFDS class 396; supported oral classes only"
"피오비스정15/850밀리그램","Metformin HCl + Pioglitazone","MET+TZD","0.85g/15mg","607","2026-05-01","HIRA reimbursed drug list (effective 2026-05-01), MFDS class 396; supported oral classes only"
"피오비아정100/15밀리그램","Pioglitazone + Sitagliptin","TZD+DPP4","15mg/0.1g","1101","2026-05-01","HIRA reimbursed drug list (effective 2026-05-01), MFDS class 396; supported oral classes only"
"피오비아정100/30밀리그램","Pioglitazone + Sitagliptin","TZD+DPP4","30mg/0.1g","1393","2026-05-01","HIRA reimbursed drug list (effective 2026-05-01), MFDS class 396; supported oral classes only"
"피오스정","Pioglitazone","TZD","15mg","485","2026-05-01","HIRA reimbursed drug list (effective 2026-05-01), MFDS class 396; supported oral classes only"
"피오스크정15밀리그램","Pioglitazone","TZD","15mg","551","2026-05-01","HIRA reimbursed drug list (effective 2026-05-01), MFDS class 396; supported oral classes only"
"피오스타정","Pioglitazone","TZD","15mg","551","2026-05-01","HIRA reimbursed drug list (effective 2026-05-01), MFDS class 396; supported oral classes only"
"피오시타정100/15밀리그램","Pioglitazone + Sitagliptin","TZD+DPP4","15mg/0.1g","1101","2026-05-01","HIRA reimbursed drug list (effective 2026-05-01), MFDS class 396; supported oral classes only"
"피오시타정100/30밀리그램","Pioglitazone + Sitagliptin","TZD+DPP4","30mg/0.1g","1393","2026-05-01","HIRA reimbursed drug list (effective 2026-05-01), MFDS class 396; supported oral classes only"
"피오신정15밀리그램","Pioglitazone","TZD","15mg","551","2026-05-01","HIRA reimbursed drug list (effective 2026-05-01), MFDS class 396; supported oral classes only"
"피오엠정15/850밀리그램","Metformin HCl + Pioglitazone","MET+TZD","0.85g/15mg","714","2026-05-01","HIRA reimbursed drug list (effective 2026-05-01), MFDS class 396; supported oral classes only"
"피오타존정","Pioglitazone","TZD","15mg","551","2026-05-01","HIRA reimbursed drug list (effective 2026-05-01), MFDS class 396; supported oral classes only"
"피오토민정15/850밀리그램","Metformin HCl + Pioglitazone","MET+TZD","0.85g/15mg","607","2026-05-01","HIRA reimbursed drug list (effective 2026-05-01), MFDS class 396; supported oral classes only"
"피오투정","Pioglitazone","TZD","15mg","551","2026-05-01","HIRA reimbursed drug list (effective 2026-05-01), MFDS class 396; supported oral classes only"
"피오트민정15/850밀리그램","Metformin HCl + Pioglitazone","MET+TZD","0.85g/15mg","607","2026-05-01","HIRA reimbursed drug list (effective 2026-05-01), MFDS class 396; supported oral classes only"
"피오트정15밀리그램","Pioglitazone","TZD","15mg","539","2026-05-01","HIRA reimbursed drug list (effective 2026-05-01), MFDS class 396; supported oral classes only"
"피오틴정15밀리그램","Pioglitazone","TZD","15mg","539","2026-05-01","HIRA reimbursed drug list (effective 2026-05-01), MFDS class 396; supported oral classes only"
"피오폴민정15/850밀리그램","Metformin HCl + Pioglitazone","MET+TZD","0.85g/15mg","607","2026-05-01","HIRA reimbursed drug list (effective 2026-05-01), MFDS class 396; supported oral classes only"
"피타존정","Pioglitazone","TZD","15mg","551","2026-05-01","HIRA reimbursed drug list (effective 2026-05-01), MFDS class 396; supported oral classes only"
"픽토민정","Metformin HCl + Pioglitazone","MET+TZD","0.85g/15mg","714","2026-05-01","HIRA reimbursed drug list (effective 2026-05-01), MFDS class 396; supported oral classes only"
"픽토스정","Pioglitazone","TZD","15mg","648","2026-05-01","HIRA reimbursed drug list (effective 2026-05-01), MFDS class 396; supported oral classes only"
"픽토진정10/15밀리그램","Dapagliflozin + Pioglitazone","SGLT2_DA+TZD","10mg/15mg","1041","2026-05-01","HIRA reimbursed drug list (effective 2026-05-01), MFDS class 396; supported oral classes only"
"픽토진정10/30밀리그램","Dapagliflozin + Pioglitazone","SGLT2_DA+TZD","10mg/30mg","1333","2026-05-01","HIRA reimbursed drug list (effective 2026-05-01), MFDS class 396; supported oral classes only"
"하누비엠정50/1000밀리그램","Metformin HCl + Sitagliptin","MET+DPP4","1g/50mg","349","2026-05-01","HIRA reimbursed drug list (effective 2026-05-01), MFDS class 396; supported oral classes only"
"하누비엠정50/500밀리그램","Metformin HCl + Sitagliptin","MET+DPP4","0.5g/50mg","327","2026-05-01","HIRA reimbursed drug list (effective 2026-05-01), MFDS class 396; supported oral classes only"
"하누비엠정50/850밀리그램","Metformin HCl + Sitagliptin","MET+DPP4","0.85g/50mg","343","2026-05-01","HIRA reimbursed drug list (effective 2026-05-01), MFDS class 396; supported oral classes only"
"하누비정100밀리그램","Sitagliptin","DPP4","0.1g","385","2026-05-01","HIRA reimbursed drug list (effective 2026-05-01), MFDS class 396; supported oral classes only"
"하누비정50밀리그램","Sitagliptin","DPP4","50mg","256","2026-05-01","HIRA reimbursed drug list (effective 2026-05-01), MFDS class 396; supported oral classes only"
"하이메트정15/850밀리그램","Metformin HCl + Pioglitazone","MET+TZD","0.85g/15mg","607","2026-05-01","HIRA reimbursed drug list (effective 2026-05-01), MFDS class 396; supported oral classes only"
"하이피오정","Pioglitazone","TZD","15mg","551","2026-05-01","HIRA reimbursed drug list (effective 2026-05-01), MFDS class 396; supported oral classes only"
"한국유나이티드염산메트포르민정","Metformin HCl","MET","0.5g","59","2026-05-01","HIRA reimbursed drug list (effective 2026-05-01), MFDS class 396; supported oral classes only"
"한림시타로정100밀리그램","Sitagliptin","DPP4","0.1g","453","2026-05-01","HIRA reimbursed drug list (effective 2026-05-01), MFDS class 396; supported oral classes only"
"한림시타로정25밀리그램","Sitagliptin","DPP4","25mg","200","2026-05-01","HIRA reimbursed drug list (effective 2026-05-01), MFDS class 396; supported oral classes only"
"한림시타로정50밀리그램","Sitagliptin","DPP4","50mg","301","2026-05-01","HIRA reimbursed drug list (effective 2026-05-01), MFDS class 396; supported oral classes only"
"한올글리메피리드정","Glimepiride","SU","2mg","180","2026-05-01","HIRA reimbursed drug list (effective 2026-05-01), MFDS class 396; supported oral classes only"
"화이트다파글리플로진정10밀리그램","Dapagliflozin","SGLT2_DA","10mg","334","2026-05-01","HIRA reimbursed drug list (effective 2026-05-01), MFDS class 396; supported oral classes only"
"화이트다파글립틴정10/100밀리그램","Dapagliflozin + Sitagliptin","SGLT2_DA+DPP4","10mg/0.1g","846","2026-05-01","HIRA reimbursed drug list (effective 2026-05-01), MFDS class 396; supported oral classes only"
"휴글리아엠엑스알서방정100/1000밀리그램","Metformin HCl + Sitagliptin","MET+DPP4","1g/0.1g","572","2026-05-01","HIRA reimbursed drug list (effective 2026-05-01), MFDS class 396; supported oral classes only"
"휴글리아엠엑스알서방정50/1000밀리그램","Metformin HCl + Sitagliptin","MET+DPP4","1g/50mg","420","2026-05-01","HIRA reimbursed drug list (effective 2026-05-01), MFDS class 396; supported oral classes only"
"휴글리아엠엑스알서방정50/500밀리그램","Metformin HCl + Sitagliptin","MET+DPP4","0.5g/50mg","381","2026-05-01","HIRA reimbursed drug list (effective 2026-05-01), MFDS class 396; supported oral classes only"
"휴글리아엠정50/1000밀리그램","Metformin HCl + Sitagliptin","MET+DPP4","1g/50mg","377","2026-05-01","HIRA reimbursed drug list (effective 2026-05-01), MFDS class 396; supported oral classes only"
"휴글리아엠정50/500밀리그램","Metformin HCl + Sitagliptin","MET+DPP4","0.5g/50mg","371","2026-05-01","HIRA reimbursed drug list (effective 2026-05-01), MFDS class 396; supported oral classes only"
"휴글리아엠정50/850밀리그램","Metformin HCl + Sitagliptin","MET+DPP4","0.85g/50mg","371","2026-05-01","HIRA reimbursed drug list (effective 2026-05-01), MFDS class 396; supported oral classes only"
"휴글리아정100밀리그램","Sitagliptin","DPP4","0.1g","453","2026-05-01","HIRA reimbursed drug list (effective 2026-05-01), MFDS class 396; supported oral classes only"
"휴글리아정25밀리그램","Sitagliptin","DPP4","25mg","200","2026-05-01","HIRA reimbursed drug list (effective 2026-05-01), MFDS class 396; supported oral classes only"
"휴글리아정50밀리그램","Sitagliptin","DPP4","50mg","301","2026-05-01","HIRA reimbursed drug list (effective 2026-05-01), MFDS class 396; supported oral classes only"
"휴니즈글리메피리드정","Glimepiride","SU","2mg","157","2026-05-01","HIRA reimbursed drug list (effective 2026-05-01), MFDS class 396; supported oral classes only"
"휴디앙듀오서방정10/1000밀리그램","Empagliflozin + Metformin HCl","SGLT2_EM+MET","10mg/1g","431","2026-05-01","HIRA reimbursed drug list (effective 2026-05-01), MFDS class 396; supported oral classes only"
"휴디앙듀오서방정12.5/1000밀리그램","Empagliflozin + Metformin HCl","SGLT2_EM+MET","12.5mg/1g","472","2026-05-01","HIRA reimbursed drug list (effective 2026-05-01), MFDS class 396; supported oral classes only"
"휴디앙듀오서방정25/1000밀리그램","Empagliflozin + Metformin HCl","SGLT2_EM+MET","25mg/1g","527","2026-05-01","HIRA reimbursed drug list (effective 2026-05-01), MFDS class 396; supported oral classes only"
"휴디앙듀오서방정5/1000밀리그램","Empagliflozin + Metformin HCl","SGLT2_EM+MET","5mg/1g","327","2026-05-01","HIRA reimbursed drug list (effective 2026-05-01), MFDS class 396; supported oral classes only"
"휴디앙정10밀리그램","Empagliflozin","SGLT2_EM","10mg","347","2026-05-01","HIRA reimbursed drug list (effective 2026-05-01), MFDS class 396; supported oral classes only"
"휴디앙정25밀리그램","Empagliflozin","SGLT2_EM","25mg","453","2026-05-01","HIRA reimbursed drug list (effective 2026-05-01), MFDS class 396; supported oral classes only"
"휴시가듀오서방정10/1000밀리그램","Dapagliflozin + Metformin HCl","SGLT2_DA+MET","10mg/1g","435","2026-05-01","HIRA reimbursed drug list (effective 2026-05-01), MFDS class 396; supported oral classes only"
"휴시가듀오서방정10/500밀리그램","Dapagliflozin + Metformin HCl","SGLT2_DA+MET","10mg/0.5g","402","2026-05-01","HIRA reimbursed drug list (effective 2026-05-01), MFDS class 396; supported oral classes only"
"휴시가정10밀리그램","Dapagliflozin","SGLT2_DA","10mg","393","2026-05-01","HIRA reimbursed drug list (effective 2026-05-01), MFDS class 396; supported oral classes only"
"휴시글로엠서방정10/100/1000밀리그램","Dapagliflozin + Metformin HCl + Sitagliptin","SGLT2_DA+MET+DPP4","10mg/1g/0.1g","965","2026-05-01","HIRA reimbursed drug list (effective 2026-05-01), MFDS class 396; supported oral classes only"
"휴시글로엠서방정5/50/1000밀리그램","Dapagliflozin + Metformin HCl + Sitagliptin","SGLT2_DA+MET+DPP4","5mg/1g/50mg","682","2026-05-01","HIRA reimbursed drug list (effective 2026-05-01), MFDS class 396; supported oral classes only"
"휴시글로정","Dapagliflozin + Sitagliptin","SGLT2_DA+DPP4","10mg/0.1g","846","2026-05-01","HIRA reimbursed drug list (effective 2026-05-01), MFDS class 396; supported oral classes only"
"휴온스메트포르민서방정","Metformin HCl","MET","0.5g","90","2026-05-01","HIRA reimbursed drug list (effective 2026-05-01), MFDS class 396; supported oral classes only"
"휴트민서방정","Metformin HCl","MET","0.5g","101","2026-05-01","HIRA reimbursed drug list (effective 2026-05-01), MFDS class 396; supported oral classes only"
"힐러스메트정","Metformin HCl + Vildagliptin","MET+DPP4","0.5g/50mg","310","2026-05-01","HIRA reimbursed drug list (effective 2026-05-01), MFDS class 396; supported oral classes only"
"힐러스정","Vildagliptin","DPP4","50mg","240","2026-05-01","HIRA reimbursed drug list (effective 2026-05-01), MFDS class 396; supported oral classes only"
